
/*
This script was created by Visual Studio on 18/01/2016 at 11:03.
Run this script on musicstoredatabaseserver.database.windows.net.MusicStoreEntities (sqladmin) to make it the same as localhost.MusicStoreEntities (DESKTOP-FQRK793\pierr).
This script performs its actions in the following order:
1. Disable foreign-key constraints.
2. Perform DELETE commands. 
3. Perform UPDATE commands.
4. Perform INSERT commands.
5. Re-enable foreign-key constraints.
Please back up your target database before running this script.
*/
SET NUMERIC_ROUNDABORT OFF
GO

SET XACT_ABORT, ANSI_PADDING, ANSI_WARNINGS, CONCAT_NULL_YIELDS_NULL, ARITHABORT, QUOTED_IDENTIFIER, ANSI_NULLS ON
GO

/*Pointer used for text / image updates. This might not be needed, but is declared here just in case*/
DECLARE @pv binary(16)
BEGIN TRANSACTION
ALTER TABLE [dbo].[Carts] DROP CONSTRAINT [FK_dbo.Carts_dbo.Albums_AlbumId]
ALTER TABLE [dbo].[Albums] DROP CONSTRAINT [FK_dbo.Albums_dbo.Artists_ArtistId]
ALTER TABLE [dbo].[Albums] DROP CONSTRAINT [FK_dbo.Albums_dbo.Genres_GenreId]
ALTER TABLE [dbo].[OrderDetails] DROP CONSTRAINT [FK_dbo.OrderDetails_dbo.Albums_AlbumId]
ALTER TABLE [dbo].[OrderDetails] DROP CONSTRAINT [FK_dbo.OrderDetails_dbo.Orders_OrderId]
SET IDENTITY_INSERT [dbo].[Albums] ON
INSERT INTO [dbo].[Albums] ([AlbumId], [GenreId], [ArtistId], [Title], [Price], [AlbumArtUrl]) VALUES (0, 0, 0, N'The Best Of The Men At Work', 8.99, N'~/Images/placeholder.png')
INSERT INTO [dbo].[Albums] ([AlbumId], [GenreId], [ArtistId], [Title], [Price], [AlbumArtUrl]) VALUES (1, 0, 26, N'Animal Vehicle', 8.99, N'~/Images/placeholder.png')
INSERT INTO [dbo].[Albums] ([AlbumId], [GenreId], [ArtistId], [Title], [Price], [AlbumArtUrl]) VALUES (2, 0, 34, N'Axé Bahia 2001', 8.99, N'~/Images/placeholder.png')
INSERT INTO [dbo].[Albums] ([AlbumId], [GenreId], [ArtistId], [Title], [Price], [AlbumArtUrl]) VALUES (3, 0, 42, N'Barbie Girl', 8.99, N'~/Images/placeholder.png')
INSERT INTO [dbo].[Albums] ([AlbumId], [GenreId], [ArtistId], [Title], [Price], [AlbumArtUrl]) VALUES (4, 0, 110, N'Frank', 8.99, N'~/Images/placeholder.png')
INSERT INTO [dbo].[Albums] ([AlbumId], [GenreId], [ArtistId], [Title], [Price], [AlbumArtUrl]) VALUES (5, 0, 132, N'In Between', 8.99, N'~/Images/placeholder.png')
INSERT INTO [dbo].[Albums] ([AlbumId], [GenreId], [ArtistId], [Title], [Price], [AlbumArtUrl]) VALUES (6, 0, 140, N'Introspective', 8.99, N'~/Images/placeholder.png')
INSERT INTO [dbo].[Albums] ([AlbumId], [GenreId], [ArtistId], [Title], [Price], [AlbumArtUrl]) VALUES (7, 0, 148, N'Kiss', 8.99, N'~/Images/placeholder.png')
INSERT INTO [dbo].[Albums] ([AlbumId], [GenreId], [ArtistId], [Title], [Price], [AlbumArtUrl]) VALUES (8, 0, 14, N'Magical Mystery Tour', 8.99, N'~/Images/placeholder.png')
INSERT INTO [dbo].[Albums] ([AlbumId], [GenreId], [ArtistId], [Title], [Price], [AlbumArtUrl]) VALUES (9, 0, 162, N'Mechanics & Mathematics', 8.99, N'~/Images/placeholder.png')
INSERT INTO [dbo].[Albums] ([AlbumId], [GenreId], [ArtistId], [Title], [Price], [AlbumArtUrl]) VALUES (10, 0, 188, N'Off the Deep End', 8.99, N'~/Images/placeholder.png')
INSERT INTO [dbo].[Albums] ([AlbumId], [GenreId], [ArtistId], [Title], [Price], [AlbumArtUrl]) VALUES (11, 0, 203, N'PSY''s Best 6th Part 1', 8.99, N'~/Images/placeholder.png')
INSERT INTO [dbo].[Albums] ([AlbumId], [GenreId], [ArtistId], [Title], [Price], [AlbumArtUrl]) VALUES (12, 0, 218, N'Room for Squares', 8.99, N'~/Images/placeholder.png')
INSERT INTO [dbo].[Albums] ([AlbumId], [GenreId], [ArtistId], [Title], [Price], [AlbumArtUrl]) VALUES (13, 0, 257, N'The Cure', 8.99, N'~/Images/placeholder.png')
INSERT INTO [dbo].[Albums] ([AlbumId], [GenreId], [ArtistId], [Title], [Price], [AlbumArtUrl]) VALUES (14, 0, 260, N'The Dream of the Blue Turtles', 8.99, N'~/Images/placeholder.png')
INSERT INTO [dbo].[Albums] ([AlbumId], [GenreId], [ArtistId], [Title], [Price], [AlbumArtUrl]) VALUES (15, 0, 271, N'Time, Love & Tenderness', 8.99, N'~/Images/placeholder.png')
INSERT INTO [dbo].[Albums] ([AlbumId], [GenreId], [ArtistId], [Title], [Price], [AlbumArtUrl]) VALUES (16, 0, 289, N'Yesterday Once More Disc 1/Disc 2', 8.99, N'~/Images/placeholder.png')
INSERT INTO [dbo].[Albums] ([AlbumId], [GenreId], [ArtistId], [Title], [Price], [AlbumArtUrl]) VALUES (17, 1, 1, N'...And Justice For All', 8.99, N'~/Images/placeholder.png')
INSERT INTO [dbo].[Albums] ([AlbumId], [GenreId], [ArtistId], [Title], [Price], [AlbumArtUrl]) VALUES (18, 1, 10, N'A Real Dead One', 8.99, N'~/Images/placeholder.png')
INSERT INTO [dbo].[Albums] ([AlbumId], [GenreId], [ArtistId], [Title], [Price], [AlbumArtUrl]) VALUES (19, 1, 10, N'A Real Live One', 8.99, N'~/Images/placeholder.png')
INSERT INTO [dbo].[Albums] ([AlbumId], [GenreId], [ArtistId], [Title], [Price], [AlbumArtUrl]) VALUES (20, 1, 15, N'Ace Of Spades', 8.99, N'~/Images/placeholder.png')
INSERT INTO [dbo].[Albums] ([AlbumId], [GenreId], [ArtistId], [Title], [Price], [AlbumArtUrl]) VALUES (21, 1, 4, N'Ænima', 8.99, N'~/Images/placeholder.png')
INSERT INTO [dbo].[Albums] ([AlbumId], [GenreId], [ArtistId], [Title], [Price], [AlbumArtUrl]) VALUES (22, 1, 23, N'Alcohol Fueled Brewtality Live! [Disc 1]', 8.99, N'~/Images/placeholder.png')
INSERT INTO [dbo].[Albums] ([AlbumId], [GenreId], [ArtistId], [Title], [Price], [AlbumArtUrl]) VALUES (23, 1, 23, N'Alcohol Fueled Brewtality Live! [Disc 2]', 8.99, N'~/Images/placeholder.png')
INSERT INTO [dbo].[Albums] ([AlbumId], [GenreId], [ArtistId], [Title], [Price], [AlbumArtUrl]) VALUES (24, 1, 1, N'Black Album', 8.99, N'~/Images/placeholder.png')
INSERT INTO [dbo].[Albums] ([AlbumId], [GenreId], [ArtistId], [Title], [Price], [AlbumArtUrl]) VALUES (25, 1, 53, N'Black Sabbath Vol. 4 (Remaster)', 8.99, N'~/Images/placeholder.png')
INSERT INTO [dbo].[Albums] ([AlbumId], [GenreId], [ArtistId], [Title], [Price], [AlbumArtUrl]) VALUES (26, 1, 53, N'Black Sabbath', 8.99, N'~/Images/placeholder.png')
INSERT INTO [dbo].[Albums] ([AlbumId], [GenreId], [ArtistId], [Title], [Price], [AlbumArtUrl]) VALUES (27, 1, 1, N'Black', 8.99, N'~/Images/placeholder.png')
INSERT INTO [dbo].[Albums] ([AlbumId], [GenreId], [ArtistId], [Title], [Price], [AlbumArtUrl]) VALUES (28, 1, 54, N'Blackwater Park', 8.99, N'~/Images/placeholder.png')
INSERT INTO [dbo].[Albums] ([AlbumId], [GenreId], [ArtistId], [Title], [Price], [AlbumArtUrl]) VALUES (29, 1, 66, N'Chemical Wedding', 8.99, N'~/Images/placeholder.png')
INSERT INTO [dbo].[Albums] ([AlbumId], [GenreId], [ArtistId], [Title], [Price], [AlbumArtUrl]) VALUES (30, 1, 1, N'Death Magnetic', 8.99, N'~/Images/placeholder.png')
INSERT INTO [dbo].[Albums] ([AlbumId], [GenreId], [ArtistId], [Title], [Price], [AlbumArtUrl]) VALUES (31, 1, 43, N'Diary of a Madman', 8.99, N'~/Images/placeholder.png')
INSERT INTO [dbo].[Albums] ([AlbumId], [GenreId], [ArtistId], [Title], [Price], [AlbumArtUrl]) VALUES (32, 1, 106, N'Faceless', 8.99, N'~/Images/placeholder.png')
INSERT INTO [dbo].[Albums] ([AlbumId], [GenreId], [ArtistId], [Title], [Price], [AlbumArtUrl]) VALUES (33, 1, 1, N'Garage Inc. (Disc 1)', 8.99, N'~/Images/placeholder.png')
INSERT INTO [dbo].[Albums] ([AlbumId], [GenreId], [ArtistId], [Title], [Price], [AlbumArtUrl]) VALUES (34, 1, 1, N'Garage Inc. (Disc 2)', 8.99, N'~/Images/placeholder.png')
INSERT INTO [dbo].[Albums] ([AlbumId], [GenreId], [ArtistId], [Title], [Price], [AlbumArtUrl]) VALUES (35, 1, 118, N'Greatest Hits', 8.99, N'~/Images/placeholder.png')
INSERT INTO [dbo].[Albums] ([AlbumId], [GenreId], [ArtistId], [Title], [Price], [AlbumArtUrl]) VALUES (36, 1, 126, N'Holy Diver', 8.99, N'~/Images/placeholder.png')
INSERT INTO [dbo].[Albums] ([AlbumId], [GenreId], [ArtistId], [Title], [Price], [AlbumArtUrl]) VALUES (37, 1, 128, N'Human', 8.99, N'~/Images/placeholder.png')
INSERT INTO [dbo].[Albums] ([AlbumId], [GenreId], [ArtistId], [Title], [Price], [AlbumArtUrl]) VALUES (38, 1, 1, N'Kill ''Em All', 8.99, N'~/Images/placeholder.png')
INSERT INTO [dbo].[Albums] ([AlbumId], [GenreId], [ArtistId], [Title], [Price], [AlbumArtUrl]) VALUES (39, 1, 10, N'Live After Death', 8.99, N'~/Images/placeholder.png')
INSERT INTO [dbo].[Albums] ([AlbumId], [GenreId], [ArtistId], [Title], [Price], [AlbumArtUrl]) VALUES (40, 1, 156, N'Living After Midnight', 8.99, N'~/Images/placeholder.png')
INSERT INTO [dbo].[Albums] ([AlbumId], [GenreId], [ArtistId], [Title], [Price], [AlbumArtUrl]) VALUES (41, 1, 1, N'Load', 8.99, N'~/Images/placeholder.png')
INSERT INTO [dbo].[Albums] ([AlbumId], [GenreId], [ArtistId], [Title], [Price], [AlbumArtUrl]) VALUES (42, 1, 1, N'Master of Puppets', 8.99, N'~/Images/placeholder.png')
INSERT INTO [dbo].[Albums] ([AlbumId], [GenreId], [ArtistId], [Title], [Price], [AlbumArtUrl]) VALUES (43, 1, 166, N'Mezmerize', 8.99, N'~/Images/placeholder.png')
INSERT INTO [dbo].[Albums] ([AlbumId], [GenreId], [ArtistId], [Title], [Price], [AlbumArtUrl]) VALUES (44, 1, 171, N'Motley Crue Greatest Hits', 8.99, N'~/Images/placeholder.png')
INSERT INTO [dbo].[Albums] ([AlbumId], [GenreId], [ArtistId], [Title], [Price], [AlbumArtUrl]) VALUES (45, 1, 10, N'No Prayer For The Dying', 8.99, N'~/Images/placeholder.png')
INSERT INTO [dbo].[Albums] ([AlbumId], [GenreId], [ArtistId], [Title], [Price], [AlbumArtUrl]) VALUES (46, 1, 191, N'Operation: Mindcrime', 8.99, N'~/Images/placeholder.png')
INSERT INTO [dbo].[Albums] ([AlbumId], [GenreId], [ArtistId], [Title], [Price], [AlbumArtUrl]) VALUES (47, 1, 197, N'Peace Sells... but Who''s Buying', 8.99, N'~/Images/placeholder.png')
INSERT INTO [dbo].[Albums] ([AlbumId], [GenreId], [ArtistId], [Title], [Price], [AlbumArtUrl]) VALUES (48, 1, 10, N'Piece Of Mind', 8.99, N'~/Images/placeholder.png')
INSERT INTO [dbo].[Albums] ([AlbumId], [GenreId], [ArtistId], [Title], [Price], [AlbumArtUrl]) VALUES (49, 1, 198, N'Plays Metallica By Four Cellos', 8.99, N'~/Images/placeholder.png')
INSERT INTO [dbo].[Albums] ([AlbumId], [GenreId], [ArtistId], [Title], [Price], [AlbumArtUrl]) VALUES (50, 1, 10, N'Powerslave', 8.99, N'~/Images/placeholder.png')
INSERT INTO [dbo].[Albums] ([AlbumId], [GenreId], [ArtistId], [Title], [Price], [AlbumArtUrl]) VALUES (51, 1, 212, N'Reign In Blood', 8.99, N'~/Images/placeholder.png')
INSERT INTO [dbo].[Albums] ([AlbumId], [GenreId], [ArtistId], [Title], [Price], [AlbumArtUrl]) VALUES (52, 1, 1, N'ReLoad', 8.99, N'~/Images/placeholder.png')
INSERT INTO [dbo].[Albums] ([AlbumId], [GenreId], [ArtistId], [Title], [Price], [AlbumArtUrl]) VALUES (53, 1, 1, N'Ride the Lighting ', 8.99, N'~/Images/placeholder.png')
INSERT INTO [dbo].[Albums] ([AlbumId], [GenreId], [ArtistId], [Title], [Price], [AlbumArtUrl]) VALUES (54, 1, 1, N'Ride The Lightning', 8.99, N'~/Images/placeholder.png')
INSERT INTO [dbo].[Albums] ([AlbumId], [GenreId], [ArtistId], [Title], [Price], [AlbumArtUrl]) VALUES (55, 1, 216, N'Rise of the Phoenix', 8.99, N'~/Images/placeholder.png')
INSERT INTO [dbo].[Albums] ([AlbumId], [GenreId], [ArtistId], [Title], [Price], [AlbumArtUrl]) VALUES (56, 1, 10, N'Rock In Rio [CD1]', 8.99, N'~/Images/placeholder.png')
INSERT INTO [dbo].[Albums] ([AlbumId], [GenreId], [ArtistId], [Title], [Price], [AlbumArtUrl]) VALUES (57, 1, 10, N'Rock In Rio [CD2]', 8.99, N'~/Images/placeholder.png')
INSERT INTO [dbo].[Albums] ([AlbumId], [GenreId], [ArtistId], [Title], [Price], [AlbumArtUrl]) VALUES (58, 1, 197, N'Rust in Peace', 8.99, N'~/Images/placeholder.png')
INSERT INTO [dbo].[Albums] ([AlbumId], [GenreId], [ArtistId], [Title], [Price], [AlbumArtUrl]) VALUES (59, 1, 10, N'Seventh Son of a Seventh Son', 8.99, N'~/Images/placeholder.png')
INSERT INTO [dbo].[Albums] ([AlbumId], [GenreId], [ArtistId], [Title], [Price], [AlbumArtUrl]) VALUES (60, 1, 228, N'Six Degrees of Inner Turbulence', 8.99, N'~/Images/placeholder.png')
INSERT INTO [dbo].[Albums] ([AlbumId], [GenreId], [ArtistId], [Title], [Price], [AlbumArtUrl]) VALUES (61, 1, 229, N'Slave To The Empire', 8.99, N'~/Images/placeholder.png')
INSERT INTO [dbo].[Albums] ([AlbumId], [GenreId], [ArtistId], [Title], [Price], [AlbumArtUrl]) VALUES (62, 1, 10, N'Somewhere in Time', 8.99, N'~/Images/placeholder.png')
INSERT INTO [dbo].[Albums] ([AlbumId], [GenreId], [ArtistId], [Title], [Price], [AlbumArtUrl]) VALUES (63, 1, 1, N'St. Anger', 8.99, N'~/Images/placeholder.png')
INSERT INTO [dbo].[Albums] ([AlbumId], [GenreId], [ArtistId], [Title], [Price], [AlbumArtUrl]) VALUES (64, 1, 54, N'Still Life', 8.99, N'~/Images/placeholder.png')
INSERT INTO [dbo].[Albums] ([AlbumId], [GenreId], [ArtistId], [Title], [Price], [AlbumArtUrl]) VALUES (65, 1, 258, N'The Divine Conspiracy', 8.99, N'~/Images/placeholder.png')
INSERT INTO [dbo].[Albums] ([AlbumId], [GenreId], [ArtistId], [Title], [Price], [AlbumArtUrl]) VALUES (66, 1, 10, N'The Final Frontier', 8.99, N'~/Images/placeholder.png')
INSERT INTO [dbo].[Albums] ([AlbumId], [GenreId], [ArtistId], [Title], [Price], [AlbumArtUrl]) VALUES (67, 1, 10, N'The Number of The Beast', 8.99, N'~/Images/placeholder.png')
INSERT INTO [dbo].[Albums] ([AlbumId], [GenreId], [ArtistId], [Title], [Price], [AlbumArtUrl]) VALUES (68, 1, 43, N'Tribute', 8.99, N'~/Images/placeholder.png')
INSERT INTO [dbo].[Albums] ([AlbumId], [GenreId], [ArtistId], [Title], [Price], [AlbumArtUrl]) VALUES (69, 1, 29, N'Use Your Illusion II', 8.99, N'~/Images/placeholder.png')
INSERT INTO [dbo].[Albums] ([AlbumId], [GenreId], [ArtistId], [Title], [Price], [AlbumArtUrl]) VALUES (70, 1, 284, N'With Oden on Our Side', 8.99, N'~/Images/placeholder.png')
INSERT INTO [dbo].[Albums] ([AlbumId], [GenreId], [ArtistId], [Title], [Price], [AlbumArtUrl]) VALUES (71, 1, 286, N'Worship Music', 8.99, N'~/Images/placeholder.png')
INSERT INTO [dbo].[Albums] ([AlbumId], [GenreId], [ArtistId], [Title], [Price], [AlbumArtUrl]) VALUES (72, 2, 2, N'עד גבול האור', 8.99, N'~/Images/placeholder.png')
INSERT INTO [dbo].[Albums] ([AlbumId], [GenreId], [ArtistId], [Title], [Price], [AlbumArtUrl]) VALUES (73, 2, 41, N'Banadeek Ta''ala', 8.99, N'~/Images/placeholder.png')
INSERT INTO [dbo].[Albums] ([AlbumId], [GenreId], [ArtistId], [Title], [Price], [AlbumArtUrl]) VALUES (74, 2, 84, N'Dakshina', 8.99, N'~/Images/placeholder.png')
INSERT INTO [dbo].[Albums] ([AlbumId], [GenreId], [ArtistId], [Title], [Price], [AlbumArtUrl]) VALUES (75, 2, 89, N'Di Korpu Ku Alma', 8.99, N'~/Images/placeholder.png')
INSERT INTO [dbo].[Albums] ([AlbumId], [GenreId], [ArtistId], [Title], [Price], [AlbumArtUrl]) VALUES (76, 2, 103, N'Emotion', 8.99, N'~/Images/placeholder.png')
INSERT INTO [dbo].[Albums] ([AlbumId], [GenreId], [ArtistId], [Title], [Price], [AlbumArtUrl]) VALUES (77, 2, 184, N'Nkolo', 8.99, N'~/Images/placeholder.png')
INSERT INTO [dbo].[Albums] ([AlbumId], [GenreId], [ArtistId], [Title], [Price], [AlbumArtUrl]) VALUES (78, 2, 184, N'Wapi Yo', 8.99, N'~/Images/placeholder.png')
INSERT INTO [dbo].[Albums] ([AlbumId], [GenreId], [ArtistId], [Title], [Price], [AlbumArtUrl]) VALUES (79, 2, 287, N'Xinti', 8.99, N'~/Images/placeholder.png')
INSERT INTO [dbo].[Albums] ([AlbumId], [GenreId], [ArtistId], [Title], [Price], [AlbumArtUrl]) VALUES (80, 3, 3, N'Black Light Syndrome', 8.99, N'~/Images/placeholder.png')
INSERT INTO [dbo].[Albums] ([AlbumId], [GenreId], [ArtistId], [Title], [Price], [AlbumArtUrl]) VALUES (81, 3, 4, N'10,000 Days', 8.99, N'~/Images/placeholder.png')
INSERT INTO [dbo].[Albums] ([AlbumId], [GenreId], [ArtistId], [Title], [Price], [AlbumArtUrl]) VALUES (82, 3, 10, N'A Matter of Life and Death', 8.99, N'~/Images/placeholder.png')
INSERT INTO [dbo].[Albums] ([AlbumId], [GenreId], [ArtistId], [Title], [Price], [AlbumArtUrl]) VALUES (83, 3, 11, N'A Rush of Blood to the Head', 8.99, N'~/Images/placeholder.png')
INSERT INTO [dbo].[Albums] ([AlbumId], [GenreId], [ArtistId], [Title], [Price], [AlbumArtUrl]) VALUES (84, 3, 14, N'Abbey Road', 8.99, N'~/Images/placeholder.png')
INSERT INTO [dbo].[Albums] ([AlbumId], [GenreId], [ArtistId], [Title], [Price], [AlbumArtUrl]) VALUES (85, 3, 16, N'Achtung Baby', 8.99, N'~/Images/placeholder.png')
INSERT INTO [dbo].[Albums] ([AlbumId], [GenreId], [ArtistId], [Title], [Price], [AlbumArtUrl]) VALUES (86, 3, 19, N'Adrenaline', 8.99, N'~/Images/placeholder.png')
INSERT INTO [dbo].[Albums] ([AlbumId], [GenreId], [ArtistId], [Title], [Price], [AlbumArtUrl]) VALUES (87, 3, 21, N'After the Goldrush', 8.99, N'~/Images/placeholder.png')
INSERT INTO [dbo].[Albums] ([AlbumId], [GenreId], [ArtistId], [Title], [Price], [AlbumArtUrl]) VALUES (88, 3, 25, N'Amen (So Be It)', 8.99, N'~/Images/placeholder.png')
INSERT INTO [dbo].[Albums] ([AlbumId], [GenreId], [ArtistId], [Title], [Price], [AlbumArtUrl]) VALUES (89, 3, 28, N'Apocalyptic Love', 8.99, N'~/Images/placeholder.png')
INSERT INTO [dbo].[Albums] ([AlbumId], [GenreId], [ArtistId], [Title], [Price], [AlbumArtUrl]) VALUES (90, 3, 29, N'Appetite for Destruction', 8.99, N'~/Images/placeholder.png')
INSERT INTO [dbo].[Albums] ([AlbumId], [GenreId], [ArtistId], [Title], [Price], [AlbumArtUrl]) VALUES (91, 3, 30, N'Are You Experienced?', 8.99, N'~/Images/placeholder.png')
INSERT INTO [dbo].[Albums] ([AlbumId], [GenreId], [ArtistId], [Title], [Price], [AlbumArtUrl]) VALUES (92, 3, 31, N'A-Sides', 8.99, N'~/Images/placeholder.png')
INSERT INTO [dbo].[Albums] ([AlbumId], [GenreId], [ArtistId], [Title], [Price], [AlbumArtUrl]) VALUES (93, 3, 32, N'Audioslave', 8.99, N'~/Images/placeholder.png')
INSERT INTO [dbo].[Albums] ([AlbumId], [GenreId], [ArtistId], [Title], [Price], [AlbumArtUrl]) VALUES (94, 3, 31, N'Bad Motorfinger', 8.99, N'~/Images/placeholder.png')
INSERT INTO [dbo].[Albums] ([AlbumId], [GenreId], [ArtistId], [Title], [Price], [AlbumArtUrl]) VALUES (95, 3, 40, N'Balls to the Wall', 8.99, N'~/Images/placeholder.png')
INSERT INTO [dbo].[Albums] ([AlbumId], [GenreId], [ArtistId], [Title], [Price], [AlbumArtUrl]) VALUES (96, 3, 43, N'Bark at the Moon (Remastered)', 8.99, N'~/Images/placeholder.png')
INSERT INTO [dbo].[Albums] ([AlbumId], [GenreId], [ArtistId], [Title], [Price], [AlbumArtUrl]) VALUES (97, 3, 46, N'BBC Sessions [Disc 1] [Live]', 8.99, N'~/Images/placeholder.png')
INSERT INTO [dbo].[Albums] ([AlbumId], [GenreId], [ArtistId], [Title], [Price], [AlbumArtUrl]) VALUES (98, 3, 46, N'BBC Sessions [Disc 2] [Live]', 8.99, N'~/Images/placeholder.png')
INSERT INTO [dbo].[Albums] ([AlbumId], [GenreId], [ArtistId], [Title], [Price], [AlbumArtUrl]) VALUES (99, 3, 47, N'Be Here Now', 8.99, N'~/Images/placeholder.png')
INSERT INTO [dbo].[Albums] ([AlbumId], [GenreId], [ArtistId], [Title], [Price], [AlbumArtUrl]) VALUES (100, 3, 50, N'Beyond Good And Evil', 8.99, N'~/Images/placeholder.png')
INSERT INTO [dbo].[Albums] ([AlbumId], [GenreId], [ArtistId], [Title], [Price], [AlbumArtUrl]) VALUES (101, 3, 52, N'Big Ones', 8.99, N'~/Images/placeholder.png')
INSERT INTO [dbo].[Albums] ([AlbumId], [GenreId], [ArtistId], [Title], [Price], [AlbumArtUrl]) VALUES (102, 3, 43, N'Blizzard of Ozz', 8.99, N'~/Images/placeholder.png')
INSERT INTO [dbo].[Albums] ([AlbumId], [GenreId], [ArtistId], [Title], [Price], [AlbumArtUrl]) VALUES (103, 3, 55, N'Blood', 8.99, N'~/Images/placeholder.png')
INSERT INTO [dbo].[Albums] ([AlbumId], [GenreId], [ArtistId], [Title], [Price], [AlbumArtUrl]) VALUES (104, 3, 57, N'Blue', 8.99, N'~/Images/placeholder.png')
INSERT INTO [dbo].[Albums] ([AlbumId], [GenreId], [ArtistId], [Title], [Price], [AlbumArtUrl]) VALUES (105, 3, 58, N'Bongo Fury', 8.99, N'~/Images/placeholder.png')
INSERT INTO [dbo].[Albums] ([AlbumId], [GenreId], [ArtistId], [Title], [Price], [AlbumArtUrl]) VALUES (106, 3, 59, N'Boys & Girls', 8.99, N'~/Images/placeholder.png')
INSERT INTO [dbo].[Albums] ([AlbumId], [GenreId], [ArtistId], [Title], [Price], [AlbumArtUrl]) VALUES (107, 3, 10, N'Brave New World', 8.99, N'~/Images/placeholder.png')
INSERT INTO [dbo].[Albums] ([AlbumId], [GenreId], [ArtistId], [Title], [Price], [AlbumArtUrl]) VALUES (108, 3, 16, N'B-Sides 1980-1990', 8.99, N'~/Images/placeholder.png')
INSERT INTO [dbo].[Albums] ([AlbumId], [GenreId], [ArtistId], [Title], [Price], [AlbumArtUrl]) VALUES (109, 3, 60, N'By The Way', 8.99, N'~/Images/placeholder.png')
INSERT INTO [dbo].[Albums] ([AlbumId], [GenreId], [ArtistId], [Title], [Price], [AlbumArtUrl]) VALUES (110, 3, 60, N'Californication', 8.99, N'~/Images/placeholder.png')
INSERT INTO [dbo].[Albums] ([AlbumId], [GenreId], [ArtistId], [Title], [Price], [AlbumArtUrl]) VALUES (111, 3, 69, N'Chocolate Starfish And The Hot Dog Flavored Water', 8.99, N'~/Images/placeholder.png')
INSERT INTO [dbo].[Albums] ([AlbumId], [GenreId], [ArtistId], [Title], [Price], [AlbumArtUrl]) VALUES (112, 3, 70, N'Chronicle, Vol. 1', 8.99, N'~/Images/placeholder.png')
INSERT INTO [dbo].[Albums] ([AlbumId], [GenreId], [ArtistId], [Title], [Price], [AlbumArtUrl]) VALUES (113, 3, 70, N'Chronicle, Vol. 2', 8.99, N'~/Images/placeholder.png')
INSERT INTO [dbo].[Albums] ([AlbumId], [GenreId], [ArtistId], [Title], [Price], [AlbumArtUrl]) VALUES (114, 3, 71, N'Ciao, Baby', 8.99, N'~/Images/placeholder.png')
INSERT INTO [dbo].[Albums] ([AlbumId], [GenreId], [ArtistId], [Title], [Price], [AlbumArtUrl]) VALUES (115, 3, 46, N'Coda', 8.99, N'~/Images/placeholder.png')
INSERT INTO [dbo].[Albums] ([AlbumId], [GenreId], [ArtistId], [Title], [Price], [AlbumArtUrl]) VALUES (116, 3, 75, N'Come Taste The Band', 8.99, N'~/Images/placeholder.png')
INSERT INTO [dbo].[Albums] ([AlbumId], [GenreId], [ArtistId], [Title], [Price], [AlbumArtUrl]) VALUES (117, 3, 76, N'Common Reaction', 8.99, N'~/Images/placeholder.png')
INSERT INTO [dbo].[Albums] ([AlbumId], [GenreId], [ArtistId], [Title], [Price], [AlbumArtUrl]) VALUES (118, 3, 77, N'Compositores', 8.99, N'~/Images/placeholder.png')
INSERT INTO [dbo].[Albums] ([AlbumId], [GenreId], [ArtistId], [Title], [Price], [AlbumArtUrl]) VALUES (119, 3, 78, N'Contraband', 8.99, N'~/Images/placeholder.png')
INSERT INTO [dbo].[Albums] ([AlbumId], [GenreId], [ArtistId], [Title], [Price], [AlbumArtUrl]) VALUES (120, 3, 79, N'Core', 8.99, N'~/Images/placeholder.png')
INSERT INTO [dbo].[Albums] ([AlbumId], [GenreId], [ArtistId], [Title], [Price], [AlbumArtUrl]) VALUES (121, 3, 80, N'Cornerstone', 8.99, N'~/Images/placeholder.png')
INSERT INTO [dbo].[Albums] ([AlbumId], [GenreId], [ArtistId], [Title], [Price], [AlbumArtUrl]) VALUES (122, 3, 85, N'Dark Side of the Moon', 8.99, N'~/Images/placeholder.png')
INSERT INTO [dbo].[Albums] ([AlbumId], [GenreId], [ArtistId], [Title], [Price], [AlbumArtUrl]) VALUES (123, 3, 86, N'Deep End of Down', 8.99, N'~/Images/placeholder.png')
INSERT INTO [dbo].[Albums] ([AlbumId], [GenreId], [ArtistId], [Title], [Price], [AlbumArtUrl]) VALUES (124, 3, 75, N'Deep Purple In Rock', 8.99, N'~/Images/placeholder.png')
INSERT INTO [dbo].[Albums] ([AlbumId], [GenreId], [ArtistId], [Title], [Price], [AlbumArtUrl]) VALUES (125, 3, 88, N'Deja Vu', 8.99, N'~/Images/placeholder.png')
INSERT INTO [dbo].[Albums] ([AlbumId], [GenreId], [ArtistId], [Title], [Price], [AlbumArtUrl]) VALUES (126, 3, 43, N'Diary of a Madman (Remastered)', 8.99, N'~/Images/placeholder.png')
INSERT INTO [dbo].[Albums] ([AlbumId], [GenreId], [ArtistId], [Title], [Price], [AlbumArtUrl]) VALUES (127, 3, 90, N'Dirt', 8.99, N'~/Images/placeholder.png')
INSERT INTO [dbo].[Albums] ([AlbumId], [GenreId], [ArtistId], [Title], [Price], [AlbumArtUrl]) VALUES (128, 3, 91, N'Diver Down', 8.99, N'~/Images/placeholder.png')
INSERT INTO [dbo].[Albums] ([AlbumId], [GenreId], [ArtistId], [Title], [Price], [AlbumArtUrl]) VALUES (129, 3, 98, N'El Camino', 8.99, N'~/Images/placeholder.png')
INSERT INTO [dbo].[Albums] ([AlbumId], [GenreId], [ArtistId], [Title], [Price], [AlbumArtUrl]) VALUES (130, 3, 102, N'Emergency On Planet Earth', 8.99, N'~/Images/placeholder.png')
INSERT INTO [dbo].[Albums] ([AlbumId], [GenreId], [ArtistId], [Title], [Price], [AlbumArtUrl]) VALUES (131, 3, 105, N'Every Kind of Light', 8.99, N'~/Images/placeholder.png')
INSERT INTO [dbo].[Albums] ([AlbumId], [GenreId], [ArtistId], [Title], [Price], [AlbumArtUrl]) VALUES (132, 3, 90, N'Facelift', 8.99, N'~/Images/placeholder.png')
INSERT INTO [dbo].[Albums] ([AlbumId], [GenreId], [ArtistId], [Title], [Price], [AlbumArtUrl]) VALUES (133, 3, 91, N'Fair Warning', 8.99, N'~/Images/placeholder.png')
INSERT INTO [dbo].[Albums] ([AlbumId], [GenreId], [ArtistId], [Title], [Price], [AlbumArtUrl]) VALUES (134, 3, 10, N'Fear Of The Dark', 8.99, N'~/Images/placeholder.png')
INSERT INTO [dbo].[Albums] ([AlbumId], [GenreId], [ArtistId], [Title], [Price], [AlbumArtUrl]) VALUES (135, 3, 75, N'Fireball', 8.99, N'~/Images/placeholder.png')
INSERT INTO [dbo].[Albums] ([AlbumId], [GenreId], [ArtistId], [Title], [Price], [AlbumArtUrl]) VALUES (136, 3, 108, N'For Those About To Rock We Salute You', 8.99, N'~/Images/placeholder.png')
INSERT INTO [dbo].[Albums] ([AlbumId], [GenreId], [ArtistId], [Title], [Price], [AlbumArtUrl]) VALUES (137, 3, 116, N'Greatest Hits I', 8.99, N'~/Images/placeholder.png')
INSERT INTO [dbo].[Albums] ([AlbumId], [GenreId], [ArtistId], [Title], [Price], [AlbumArtUrl]) VALUES (138, 3, 116, N'Greatest Hits II', 8.99, N'~/Images/placeholder.png')
INSERT INTO [dbo].[Albums] ([AlbumId], [GenreId], [ArtistId], [Title], [Price], [AlbumArtUrl]) VALUES (139, 3, 118, N'Greatest Hits', 8.99, N'~/Images/placeholder.png')
INSERT INTO [dbo].[Albums] ([AlbumId], [GenreId], [ArtistId], [Title], [Price], [AlbumArtUrl]) VALUES (140, 3, 119, N'Greatest Kiss', 8.99, N'~/Images/placeholder.png')
INSERT INTO [dbo].[Albums] ([AlbumId], [GenreId], [ArtistId], [Title], [Price], [AlbumArtUrl]) VALUES (141, 3, 125, N'Heart On', 8.99, N'~/Images/placeholder.png')
INSERT INTO [dbo].[Albums] ([AlbumId], [GenreId], [ArtistId], [Title], [Price], [AlbumArtUrl]) VALUES (142, 3, 127, N'Hot Rocks, 1964-1971 (Disc 1)', 8.99, N'~/Images/placeholder.png')
INSERT INTO [dbo].[Albums] ([AlbumId], [GenreId], [ArtistId], [Title], [Price], [AlbumArtUrl]) VALUES (143, 3, 46, N'Houses Of The Holy', 8.99, N'~/Images/placeholder.png')
INSERT INTO [dbo].[Albums] ([AlbumId], [GenreId], [ArtistId], [Title], [Price], [AlbumArtUrl]) VALUES (144, 3, 16, N'How To Dismantle An Atomic Bomb', 8.99, N'~/Images/placeholder.png')
INSERT INTO [dbo].[Albums] ([AlbumId], [GenreId], [ArtistId], [Title], [Price], [AlbumArtUrl]) VALUES (145, 3, 129, N'Hunky Dory', 8.99, N'~/Images/placeholder.png')
INSERT INTO [dbo].[Albums] ([AlbumId], [GenreId], [ArtistId], [Title], [Price], [AlbumArtUrl]) VALUES (146, 3, 128, N'Hymns', 8.99, N'~/Images/placeholder.png')
INSERT INTO [dbo].[Albums] ([AlbumId], [GenreId], [ArtistId], [Title], [Price], [AlbumArtUrl]) VALUES (147, 3, 130, N'Hysteria', 8.99, N'~/Images/placeholder.png')
INSERT INTO [dbo].[Albums] ([AlbumId], [GenreId], [ArtistId], [Title], [Price], [AlbumArtUrl]) VALUES (148, 3, 131, N'In Absentia', 8.99, N'~/Images/placeholder.png')
INSERT INTO [dbo].[Albums] ([AlbumId], [GenreId], [ArtistId], [Title], [Price], [AlbumArtUrl]) VALUES (149, 3, 133, N'In Rainbows', 8.99, N'~/Images/placeholder.png')
INSERT INTO [dbo].[Albums] ([AlbumId], [GenreId], [ArtistId], [Title], [Price], [AlbumArtUrl]) VALUES (150, 3, 135, N'In the court of the Crimson King', 8.99, N'~/Images/placeholder.png')
INSERT INTO [dbo].[Albums] ([AlbumId], [GenreId], [ArtistId], [Title], [Price], [AlbumArtUrl]) VALUES (151, 3, 46, N'In Through The Out Door', 8.99, N'~/Images/placeholder.png')
INSERT INTO [dbo].[Albums] ([AlbumId], [GenreId], [ArtistId], [Title], [Price], [AlbumArtUrl]) VALUES (152, 3, 136, N'In Your Honor [Disc 1]', 8.99, N'~/Images/placeholder.png')
INSERT INTO [dbo].[Albums] ([AlbumId], [GenreId], [ArtistId], [Title], [Price], [AlbumArtUrl]) VALUES (153, 3, 136, N'In Your Honor [Disc 2]', 8.99, N'~/Images/placeholder.png')
INSERT INTO [dbo].[Albums] ([AlbumId], [GenreId], [ArtistId], [Title], [Price], [AlbumArtUrl]) VALUES (154, 3, 137, N'Indestructible', 8.99, N'~/Images/placeholder.png')
INSERT INTO [dbo].[Albums] ([AlbumId], [GenreId], [ArtistId], [Title], [Price], [AlbumArtUrl]) VALUES (155, 3, 138, N'Infinity', 8.99, N'~/Images/placeholder.png')
INSERT INTO [dbo].[Albums] ([AlbumId], [GenreId], [ArtistId], [Title], [Price], [AlbumArtUrl]) VALUES (156, 3, 139, N'Into The Light', 8.99, N'~/Images/placeholder.png')
INSERT INTO [dbo].[Albums] ([AlbumId], [GenreId], [ArtistId], [Title], [Price], [AlbumArtUrl]) VALUES (157, 3, 46, N'IV', 8.99, N'~/Images/placeholder.png')
INSERT INTO [dbo].[Albums] ([AlbumId], [GenreId], [ArtistId], [Title], [Price], [AlbumArtUrl]) VALUES (158, 3, 142, N'Jagged Little Pill', 8.99, N'~/Images/placeholder.png')
INSERT INTO [dbo].[Albums] ([AlbumId], [GenreId], [ArtistId], [Title], [Price], [AlbumArtUrl]) VALUES (159, 3, 147, N'King For A Day Fool For A Lifetime', 8.99, N'~/Images/placeholder.png')
INSERT INTO [dbo].[Albums] ([AlbumId], [GenreId], [ArtistId], [Title], [Price], [AlbumArtUrl]) VALUES (160, 3, 151, N'Le Tigre', 8.99, N'~/Images/placeholder.png')
INSERT INTO [dbo].[Albums] ([AlbumId], [GenreId], [ArtistId], [Title], [Price], [AlbumArtUrl]) VALUES (161, 3, 46, N'Led Zeppelin I', 8.99, N'~/Images/placeholder.png')
INSERT INTO [dbo].[Albums] ([AlbumId], [GenreId], [ArtistId], [Title], [Price], [AlbumArtUrl]) VALUES (162, 3, 46, N'Led Zeppelin II', 8.99, N'~/Images/placeholder.png')
INSERT INTO [dbo].[Albums] ([AlbumId], [GenreId], [ArtistId], [Title], [Price], [AlbumArtUrl]) VALUES (163, 3, 46, N'Led Zeppelin III', 8.99, N'~/Images/placeholder.png')
INSERT INTO [dbo].[Albums] ([AlbumId], [GenreId], [ArtistId], [Title], [Price], [AlbumArtUrl]) VALUES (164, 3, 108, N'Let There Be Rock', 8.99, N'~/Images/placeholder.png')
INSERT INTO [dbo].[Albums] ([AlbumId], [GenreId], [ArtistId], [Title], [Price], [AlbumArtUrl]) VALUES (165, 3, 10, N'Live At Donington 1992 (Disc 1)', 8.99, N'~/Images/placeholder.png')
INSERT INTO [dbo].[Albums] ([AlbumId], [GenreId], [ArtistId], [Title], [Price], [AlbumArtUrl]) VALUES (166, 3, 10, N'Live At Donington 1992 (Disc 2)', 8.99, N'~/Images/placeholder.png')
INSERT INTO [dbo].[Albums] ([AlbumId], [GenreId], [ArtistId], [Title], [Price], [AlbumArtUrl]) VALUES (167, 3, 155, N'Live On Two Legs [Live]', 8.99, N'~/Images/placeholder.png')
INSERT INTO [dbo].[Albums] ([AlbumId], [GenreId], [ArtistId], [Title], [Price], [AlbumArtUrl]) VALUES (168, 3, 25, N'Living', 8.99, N'~/Images/placeholder.png')
INSERT INTO [dbo].[Albums] ([AlbumId], [GenreId], [ArtistId], [Title], [Price], [AlbumArtUrl]) VALUES (169, 3, 75, N'Machine Head', 8.99, N'~/Images/placeholder.png')
INSERT INTO [dbo].[Albums] ([AlbumId], [GenreId], [ArtistId], [Title], [Price], [AlbumArtUrl]) VALUES (170, 3, 159, N'Maquinarama', 8.99, N'~/Images/placeholder.png')
INSERT INTO [dbo].[Albums] ([AlbumId], [GenreId], [ArtistId], [Title], [Price], [AlbumArtUrl]) VALUES (171, 3, 1, N'Metallics', 8.99, N'~/Images/placeholder.png')
INSERT INTO [dbo].[Albums] ([AlbumId], [GenreId], [ArtistId], [Title], [Price], [AlbumArtUrl]) VALUES (172, 3, 164, N'meteora', 8.99, N'~/Images/placeholder.png')
INSERT INTO [dbo].[Albums] ([AlbumId], [GenreId], [ArtistId], [Title], [Price], [AlbumArtUrl]) VALUES (173, 3, 170, N'Misplaced Childhood', 8.99, N'~/Images/placeholder.png')
INSERT INTO [dbo].[Albums] ([AlbumId], [GenreId], [ArtistId], [Title], [Price], [AlbumArtUrl]) VALUES (174, 3, 75, N'MK III The Final Concerts [Disc 1]', 8.99, N'~/Images/placeholder.png')
INSERT INTO [dbo].[Albums] ([AlbumId], [GenreId], [ArtistId], [Title], [Price], [AlbumArtUrl]) VALUES (175, 3, 172, N'Moving Pictures', 8.99, N'~/Images/placeholder.png')
INSERT INTO [dbo].[Albums] ([AlbumId], [GenreId], [ArtistId], [Title], [Price], [AlbumArtUrl]) VALUES (176, 3, 175, N'Murder Ballads', 8.99, N'~/Images/placeholder.png')
INSERT INTO [dbo].[Albums] ([AlbumId], [GenreId], [ArtistId], [Title], [Price], [AlbumArtUrl]) VALUES (177, 3, 177, N'My Generation - The Very Best Of The Who', 8.99, N'~/Images/placeholder.png')
INSERT INTO [dbo].[Albums] ([AlbumId], [GenreId], [ArtistId], [Title], [Price], [AlbumArtUrl]) VALUES (178, 3, 180, N'Nevermind', 8.99, N'~/Images/placeholder.png')
INSERT INTO [dbo].[Albums] ([AlbumId], [GenreId], [ArtistId], [Title], [Price], [AlbumArtUrl]) VALUES (179, 3, 33, N'New Adventures In Hi-Fi', 8.99, N'~/Images/placeholder.png')
INSERT INTO [dbo].[Albums] ([AlbumId], [GenreId], [ArtistId], [Title], [Price], [AlbumArtUrl]) VALUES (180, 3, 164, N'New Divide', 8.99, N'~/Images/placeholder.png')
INSERT INTO [dbo].[Albums] ([AlbumId], [GenreId], [ArtistId], [Title], [Price], [AlbumArtUrl]) VALUES (181, 3, 116, N'News Of The World', 8.99, N'~/Images/placeholder.png')
INSERT INTO [dbo].[Albums] ([AlbumId], [GenreId], [ArtistId], [Title], [Price], [AlbumArtUrl]) VALUES (182, 3, 116, N'Night At The Opera', 8.99, N'~/Images/placeholder.png')
INSERT INTO [dbo].[Albums] ([AlbumId], [GenreId], [ArtistId], [Title], [Price], [AlbumArtUrl]) VALUES (183, 3, 183, N'Night Castle', 8.99, N'~/Images/placeholder.png')
INSERT INTO [dbo].[Albums] ([AlbumId], [GenreId], [ArtistId], [Title], [Price], [AlbumArtUrl]) VALUES (184, 3, 43, N'No More Tears (Remastered)', 8.99, N'~/Images/placeholder.png')
INSERT INTO [dbo].[Albums] ([AlbumId], [GenreId], [ArtistId], [Title], [Price], [AlbumArtUrl]) VALUES (185, 3, 127, N'No Security', 8.99, N'~/Images/placeholder.png')
INSERT INTO [dbo].[Albums] ([AlbumId], [GenreId], [ArtistId], [Title], [Price], [AlbumArtUrl]) VALUES (186, 3, 159, N'O Samba Poconé', 8.99, N'~/Images/placeholder.png')
INSERT INTO [dbo].[Albums] ([AlbumId], [GenreId], [ArtistId], [Title], [Price], [AlbumArtUrl]) VALUES (187, 3, 187, N'Oceania', 8.99, N'~/Images/placeholder.png')
INSERT INTO [dbo].[Albums] ([AlbumId], [GenreId], [ArtistId], [Title], [Price], [AlbumArtUrl]) VALUES (188, 3, 133, N'OK Computer', 8.99, N'~/Images/placeholder.png')
INSERT INTO [dbo].[Albums] ([AlbumId], [GenreId], [ArtistId], [Title], [Price], [AlbumArtUrl]) VALUES (189, 3, 4, N'Opiate', 8.99, N'~/Images/placeholder.png')
INSERT INTO [dbo].[Albums] ([AlbumId], [GenreId], [ArtistId], [Title], [Price], [AlbumArtUrl]) VALUES (190, 3, 46, N'Physical Graffiti [Disc 1]', 8.99, N'~/Images/placeholder.png')
INSERT INTO [dbo].[Albums] ([AlbumId], [GenreId], [ArtistId], [Title], [Price], [AlbumArtUrl]) VALUES (191, 3, 46, N'Physical Graffiti [Disc 2]', 8.99, N'~/Images/placeholder.png')
INSERT INTO [dbo].[Albums] ([AlbumId], [GenreId], [ArtistId], [Title], [Price], [AlbumArtUrl]) VALUES (192, 3, 46, N'Physical Graffiti', 8.99, N'~/Images/placeholder.png')
INSERT INTO [dbo].[Albums] ([AlbumId], [GenreId], [ArtistId], [Title], [Price], [AlbumArtUrl]) VALUES (193, 3, 57, N'Pinkerton', 8.99, N'~/Images/placeholder.png')
INSERT INTO [dbo].[Albums] ([AlbumId], [GenreId], [ArtistId], [Title], [Price], [AlbumArtUrl]) VALUES (194, 3, 16, N'Pop', 8.99, N'~/Images/placeholder.png')
INSERT INTO [dbo].[Albums] ([AlbumId], [GenreId], [ArtistId], [Title], [Price], [AlbumArtUrl]) VALUES (195, 3, 46, N'Presence', 8.99, N'~/Images/placeholder.png')
INSERT INTO [dbo].[Albums] ([AlbumId], [GenreId], [ArtistId], [Title], [Price], [AlbumArtUrl]) VALUES (196, 3, 200, N'Prisoner', 8.99, N'~/Images/placeholder.png')
INSERT INTO [dbo].[Albums] ([AlbumId], [GenreId], [ArtistId], [Title], [Price], [AlbumArtUrl]) VALUES (197, 3, 201, N'Privateering', 8.99, N'~/Images/placeholder.png')
INSERT INTO [dbo].[Albums] ([AlbumId], [GenreId], [ArtistId], [Title], [Price], [AlbumArtUrl]) VALUES (198, 3, 75, N'Purpendicular', 8.99, N'~/Images/placeholder.png')
INSERT INTO [dbo].[Albums] ([AlbumId], [GenreId], [ArtistId], [Title], [Price], [AlbumArtUrl]) VALUES (199, 3, 79, N'Purple', 8.99, N'~/Images/placeholder.png')
INSERT INTO [dbo].[Albums] ([AlbumId], [GenreId], [ArtistId], [Title], [Price], [AlbumArtUrl]) VALUES (200, 3, 209, N'Raoul and the Kings of Spain ', 8.99, N'~/Images/placeholder.png')
INSERT INTO [dbo].[Albums] ([AlbumId], [GenreId], [ArtistId], [Title], [Price], [AlbumArtUrl]) VALUES (201, 3, 16, N'Rattle And Hum', 8.99, N'~/Images/placeholder.png')
INSERT INTO [dbo].[Albums] ([AlbumId], [GenreId], [ArtistId], [Title], [Price], [AlbumArtUrl]) VALUES (202, 3, 210, N'Raul Seixas', 8.99, N'~/Images/placeholder.png')
INSERT INTO [dbo].[Albums] ([AlbumId], [GenreId], [ArtistId], [Title], [Price], [AlbumArtUrl]) VALUES (203, 3, 213, N'Relayed', 8.99, N'~/Images/placeholder.png')
INSERT INTO [dbo].[Albums] ([AlbumId], [GenreId], [ArtistId], [Title], [Price], [AlbumArtUrl]) VALUES (204, 3, 40, N'Restless and Wild', 8.99, N'~/Images/placeholder.png')
INSERT INTO [dbo].[Albums] ([AlbumId], [GenreId], [ArtistId], [Title], [Price], [AlbumArtUrl]) VALUES (205, 3, 172, N'Retrospective I (1974-1980)', 8.99, N'~/Images/placeholder.png')
INSERT INTO [dbo].[Albums] ([AlbumId], [GenreId], [ArtistId], [Title], [Price], [AlbumArtUrl]) VALUES (206, 3, 14, N'Revolver', 8.99, N'~/Images/placeholder.png')
INSERT INTO [dbo].[Albums] ([AlbumId], [GenreId], [ArtistId], [Title], [Price], [AlbumArtUrl]) VALUES (207, 3, 155, N'Riot Act', 8.99, N'~/Images/placeholder.png')
INSERT INTO [dbo].[Albums] ([AlbumId], [GenreId], [ArtistId], [Title], [Price], [AlbumArtUrl]) VALUES (208, 3, 10, N'Rock In Rio [CD2]', 8.99, N'~/Images/placeholder.png')
INSERT INTO [dbo].[Albums] ([AlbumId], [GenreId], [ArtistId], [Title], [Price], [AlbumArtUrl]) VALUES (209, 3, 98, N'Rubber Factory', 8.99, N'~/Images/placeholder.png')
INSERT INTO [dbo].[Albums] ([AlbumId], [GenreId], [ArtistId], [Title], [Price], [AlbumArtUrl]) VALUES (210, 3, 220, N'Santana - As Years Go By', 8.99, N'~/Images/placeholder.png')
INSERT INTO [dbo].[Albums] ([AlbumId], [GenreId], [ArtistId], [Title], [Price], [AlbumArtUrl]) VALUES (211, 3, 220, N'Santana Live', 8.99, N'~/Images/placeholder.png')
INSERT INTO [dbo].[Albums] ([AlbumId], [GenreId], [ArtistId], [Title], [Price], [AlbumArtUrl]) VALUES (212, 3, 224, N'Second Coming', 8.99, N'~/Images/placeholder.png')
INSERT INTO [dbo].[Albums] ([AlbumId], [GenreId], [ArtistId], [Title], [Price], [AlbumArtUrl]) VALUES (213, 3, 227, N'Short Bus', 8.99, N'~/Images/placeholder.png')
INSERT INTO [dbo].[Albums] ([AlbumId], [GenreId], [ArtistId], [Title], [Price], [AlbumArtUrl]) VALUES (214, 3, 129, N'Singles Collection', 8.99, N'~/Images/placeholder.png')
INSERT INTO [dbo].[Albums] ([AlbumId], [GenreId], [ArtistId], [Title], [Price], [AlbumArtUrl]) VALUES (215, 3, 75, N'Slaves And Masters', 8.99, N'~/Images/placeholder.png')
INSERT INTO [dbo].[Albums] ([AlbumId], [GenreId], [ArtistId], [Title], [Price], [AlbumArtUrl]) VALUES (216, 3, 230, N'Slouching Towards Bethlehem', 8.99, N'~/Images/placeholder.png')
INSERT INTO [dbo].[Albums] ([AlbumId], [GenreId], [ArtistId], [Title], [Price], [AlbumArtUrl]) VALUES (217, 3, 231, N'Smash', 8.99, N'~/Images/placeholder.png')
INSERT INTO [dbo].[Albums] ([AlbumId], [GenreId], [ArtistId], [Title], [Price], [AlbumArtUrl]) VALUES (218, 3, 43, N'Speak of the Devil', 8.99, N'~/Images/placeholder.png')
INSERT INTO [dbo].[Albums] ([AlbumId], [GenreId], [ArtistId], [Title], [Price], [AlbumArtUrl]) VALUES (219, 3, 237, N'Stop Making Sense', 8.99, N'~/Images/placeholder.png')
INSERT INTO [dbo].[Albums] ([AlbumId], [GenreId], [ArtistId], [Title], [Price], [AlbumArtUrl]) VALUES (220, 3, 75, N'Stormbringer', 8.99, N'~/Images/placeholder.png')
INSERT INTO [dbo].[Albums] ([AlbumId], [GenreId], [ArtistId], [Title], [Price], [AlbumArtUrl]) VALUES (221, 3, 220, N'Supernatural', 8.99, N'~/Images/placeholder.png')
INSERT INTO [dbo].[Albums] ([AlbumId], [GenreId], [ArtistId], [Title], [Price], [AlbumArtUrl]) VALUES (222, 3, 239, N'Surfing with the Alien (Remastered)', 8.99, N'~/Images/placeholder.png')
INSERT INTO [dbo].[Albums] ([AlbumId], [GenreId], [ArtistId], [Title], [Price], [AlbumArtUrl]) VALUES (223, 3, 242, N'Ted Nugent', 8.99, N'~/Images/placeholder.png')
INSERT INTO [dbo].[Albums] ([AlbumId], [GenreId], [ArtistId], [Title], [Price], [AlbumArtUrl]) VALUES (224, 3, 155, N'Ten', 8.99, N'~/Images/placeholder.png')
INSERT INTO [dbo].[Albums] ([AlbumId], [GenreId], [ArtistId], [Title], [Price], [AlbumArtUrl]) VALUES (225, 3, 75, N'The Battle Rages On', 8.99, N'~/Images/placeholder.png')
INSERT INTO [dbo].[Albums] ([AlbumId], [GenreId], [ArtistId], [Title], [Price], [AlbumArtUrl]) VALUES (226, 3, 247, N'The Beast Live', 8.99, N'~/Images/placeholder.png')
INSERT INTO [dbo].[Albums] ([AlbumId], [GenreId], [ArtistId], [Title], [Price], [AlbumArtUrl]) VALUES (227, 3, 16, N'The Best Of 1980-1990', 8.99, N'~/Images/placeholder.png')
INSERT INTO [dbo].[Albums] ([AlbumId], [GenreId], [ArtistId], [Title], [Price], [AlbumArtUrl]) VALUES (228, 3, 91, N'The Best Of Van Halen, Vol. I', 8.99, N'~/Images/placeholder.png')
INSERT INTO [dbo].[Albums] ([AlbumId], [GenreId], [ArtistId], [Title], [Price], [AlbumArtUrl]) VALUES (229, 3, 252, N'The Cage', 8.99, N'~/Images/placeholder.png')
INSERT INTO [dbo].[Albums] ([AlbumId], [GenreId], [ArtistId], [Title], [Price], [AlbumArtUrl]) VALUES (230, 3, 253, N'The Chicago Transit Authority', 8.99, N'~/Images/placeholder.png')
INSERT INTO [dbo].[Albums] ([AlbumId], [GenreId], [ArtistId], [Title], [Price], [AlbumArtUrl]) VALUES (231, 3, 136, N'The Colour And The Shape', 8.99, N'~/Images/placeholder.png')
INSERT INTO [dbo].[Albums] ([AlbumId], [GenreId], [ArtistId], [Title], [Price], [AlbumArtUrl]) VALUES (232, 3, 85, N'The Dark Side Of The Moon', 8.99, N'~/Images/placeholder.png')
INSERT INTO [dbo].[Albums] ([AlbumId], [GenreId], [ArtistId], [Title], [Price], [AlbumArtUrl]) VALUES (233, 3, 259, N'The Doors', 8.99, N'~/Images/placeholder.png')
INSERT INTO [dbo].[Albums] ([AlbumId], [GenreId], [ArtistId], [Title], [Price], [AlbumArtUrl]) VALUES (234, 3, 75, N'The Final Concerts (Disc 2)', 8.99, N'~/Images/placeholder.png')
INSERT INTO [dbo].[Albums] ([AlbumId], [GenreId], [ArtistId], [Title], [Price], [AlbumArtUrl]) VALUES (235, 3, 261, N'The Head and the Heart', 8.99, N'~/Images/placeholder.png')
INSERT INTO [dbo].[Albums] ([AlbumId], [GenreId], [ArtistId], [Title], [Price], [AlbumArtUrl]) VALUES (236, 3, 16, N'The Joshua Tree', 8.99, N'~/Images/placeholder.png')
INSERT INTO [dbo].[Albums] ([AlbumId], [GenreId], [ArtistId], [Title], [Price], [AlbumArtUrl]) VALUES (237, 3, 263, N'The Lumineers', 8.99, N'~/Images/placeholder.png')
INSERT INTO [dbo].[Albums] ([AlbumId], [GenreId], [ArtistId], [Title], [Price], [AlbumArtUrl]) VALUES (238, 3, 10, N'The Number of The Beast', 8.99, N'~/Images/placeholder.png')
INSERT INTO [dbo].[Albums] ([AlbumId], [GenreId], [ArtistId], [Title], [Price], [AlbumArtUrl]) VALUES (239, 3, 264, N'The Police Greatest Hits', 8.99, N'~/Images/placeholder.png')
INSERT INTO [dbo].[Albums] ([AlbumId], [GenreId], [ArtistId], [Title], [Price], [AlbumArtUrl]) VALUES (240, 3, 46, N'The Song Remains The Same (Disc 1)', 8.99, N'~/Images/placeholder.png')
INSERT INTO [dbo].[Albums] ([AlbumId], [GenreId], [ArtistId], [Title], [Price], [AlbumArtUrl]) VALUES (241, 3, 46, N'The Song Remains The Same (Disc 2)', 8.99, N'~/Images/placeholder.png')
INSERT INTO [dbo].[Albums] ([AlbumId], [GenreId], [ArtistId], [Title], [Price], [AlbumArtUrl]) VALUES (242, 3, 265, N'The Spade', 8.99, N'~/Images/placeholder.png')
INSERT INTO [dbo].[Albums] ([AlbumId], [GenreId], [ArtistId], [Title], [Price], [AlbumArtUrl]) VALUES (243, 3, 224, N'The Stone Roses', 8.99, N'~/Images/placeholder.png')
INSERT INTO [dbo].[Albums] ([AlbumId], [GenreId], [ArtistId], [Title], [Price], [AlbumArtUrl]) VALUES (244, 3, 85, N'The Wall', 8.99, N'~/Images/placeholder.png')
INSERT INTO [dbo].[Albums] ([AlbumId], [GenreId], [ArtistId], [Title], [Price], [AlbumArtUrl]) VALUES (245, 3, 10, N'The X Factor', 8.99, N'~/Images/placeholder.png')
INSERT INTO [dbo].[Albums] ([AlbumId], [GenreId], [ArtistId], [Title], [Price], [AlbumArtUrl]) VALUES (246, 3, 268, N'Them Crooked Vultures', 8.99, N'~/Images/placeholder.png')
INSERT INTO [dbo].[Albums] ([AlbumId], [GenreId], [ArtistId], [Title], [Price], [AlbumArtUrl]) VALUES (247, 3, 269, N'This Is Happening', 8.99, N'~/Images/placeholder.png')
INSERT INTO [dbo].[Albums] ([AlbumId], [GenreId], [ArtistId], [Title], [Price], [AlbumArtUrl]) VALUES (248, 3, 270, N'Thunder, Lightning, Strike', 8.99, N'~/Images/placeholder.png')
INSERT INTO [dbo].[Albums] ([AlbumId], [GenreId], [ArtistId], [Title], [Price], [AlbumArtUrl]) VALUES (249, 3, 272, N'Tomorrow Starts Today', 8.99, N'~/Images/placeholder.png')
INSERT INTO [dbo].[Albums] ([AlbumId], [GenreId], [ArtistId], [Title], [Price], [AlbumArtUrl]) VALUES (250, 3, 274, N'Umoja', 8.99, N'~/Images/placeholder.png')
INSERT INTO [dbo].[Albums] ([AlbumId], [GenreId], [ArtistId], [Title], [Price], [AlbumArtUrl]) VALUES (251, 3, 4, N'Undertow', 8.99, N'~/Images/placeholder.png')
INSERT INTO [dbo].[Albums] ([AlbumId], [GenreId], [ArtistId], [Title], [Price], [AlbumArtUrl]) VALUES (252, 3, 275, N'Un-Led-Ed', 8.99, N'~/Images/placeholder.png')
INSERT INTO [dbo].[Albums] ([AlbumId], [GenreId], [ArtistId], [Title], [Price], [AlbumArtUrl]) VALUES (253, 3, 119, N'Unplugged [Live]', 8.99, N'~/Images/placeholder.png')
INSERT INTO [dbo].[Albums] ([AlbumId], [GenreId], [ArtistId], [Title], [Price], [AlbumArtUrl]) VALUES (254, 3, 29, N'Use Your Illusion I', 8.99, N'~/Images/placeholder.png')
INSERT INTO [dbo].[Albums] ([AlbumId], [GenreId], [ArtistId], [Title], [Price], [AlbumArtUrl]) VALUES (255, 3, 29, N'Use Your Illusion II', 8.99, N'~/Images/placeholder.png')
INSERT INTO [dbo].[Albums] ([AlbumId], [GenreId], [ArtistId], [Title], [Price], [AlbumArtUrl]) VALUES (256, 3, 91, N'Van Halen III', 8.99, N'~/Images/placeholder.png')
INSERT INTO [dbo].[Albums] ([AlbumId], [GenreId], [ArtistId], [Title], [Price], [AlbumArtUrl]) VALUES (257, 3, 91, N'Van Halen', 8.99, N'~/Images/placeholder.png')
INSERT INTO [dbo].[Albums] ([AlbumId], [GenreId], [ArtistId], [Title], [Price], [AlbumArtUrl]) VALUES (258, 3, 10, N'Virtual XI', 8.99, N'~/Images/placeholder.png')
INSERT INTO [dbo].[Albums] ([AlbumId], [GenreId], [ArtistId], [Title], [Price], [AlbumArtUrl]) VALUES (259, 3, 127, N'Voodoo Lounge', 8.99, N'~/Images/placeholder.png')
INSERT INTO [dbo].[Albums] ([AlbumId], [GenreId], [ArtistId], [Title], [Price], [AlbumArtUrl]) VALUES (260, 3, 155, N'Vs.', 8.99, N'~/Images/placeholder.png')
INSERT INTO [dbo].[Albums] ([AlbumId], [GenreId], [ArtistId], [Title], [Price], [AlbumArtUrl]) VALUES (261, 3, 279, N'Walking Into Clarksdale', 8.99, N'~/Images/placeholder.png')
INSERT INTO [dbo].[Albums] ([AlbumId], [GenreId], [ArtistId], [Title], [Price], [AlbumArtUrl]) VALUES (262, 3, 16, N'War', 8.99, N'~/Images/placeholder.png')
INSERT INTO [dbo].[Albums] ([AlbumId], [GenreId], [ArtistId], [Title], [Price], [AlbumArtUrl]) VALUES (263, 3, 280, N'Wasteland R&Btheque', 8.99, N'~/Images/placeholder.png')
INSERT INTO [dbo].[Albums] ([AlbumId], [GenreId], [ArtistId], [Title], [Price], [AlbumArtUrl]) VALUES (264, 3, 282, N'We Were Exploding Anyway', 8.99, N'~/Images/placeholder.png')
INSERT INTO [dbo].[Albums] ([AlbumId], [GenreId], [ArtistId], [Title], [Price], [AlbumArtUrl]) VALUES (265, 3, 19, N'White Pony', 8.99, N'~/Images/placeholder.png')
INSERT INTO [dbo].[Albums] ([AlbumId], [GenreId], [ArtistId], [Title], [Price], [AlbumArtUrl]) VALUES (266, 3, 177, N'Who''s Next', 8.99, N'~/Images/placeholder.png')
INSERT INTO [dbo].[Albums] ([AlbumId], [GenreId], [ArtistId], [Title], [Price], [AlbumArtUrl]) VALUES (267, 3, 85, N'Wish You Were Here', 8.99, N'~/Images/placeholder.png')
INSERT INTO [dbo].[Albums] ([AlbumId], [GenreId], [ArtistId], [Title], [Price], [AlbumArtUrl]) VALUES (268, 3, 11, N'X&Y', 8.99, N'~/Images/placeholder.png')
INSERT INTO [dbo].[Albums] ([AlbumId], [GenreId], [ArtistId], [Title], [Price], [AlbumArtUrl]) VALUES (269, 3, 288, N'Yano', 8.99, N'~/Images/placeholder.png')
INSERT INTO [dbo].[Albums] ([AlbumId], [GenreId], [ArtistId], [Title], [Price], [AlbumArtUrl]) VALUES (270, 3, 16, N'Zooropa', 8.99, N'~/Images/placeholder.png')
INSERT INTO [dbo].[Albums] ([AlbumId], [GenreId], [ArtistId], [Title], [Price], [AlbumArtUrl]) VALUES (271, 3, 46, N'Zoso', 8.99, N'~/Images/placeholder.png')
INSERT INTO [dbo].[Albums] ([AlbumId], [GenreId], [ArtistId], [Title], [Price], [AlbumArtUrl]) VALUES (272, 4, 5, N'11i', 8.99, N'~/Images/placeholder.png')
INSERT INTO [dbo].[Albums] ([AlbumId], [GenreId], [ArtistId], [Title], [Price], [AlbumArtUrl]) VALUES (273, 4, 7, N'4x4=12 ', 8.99, N'~/Images/placeholder.png')
INSERT INTO [dbo].[Albums] ([AlbumId], [GenreId], [ArtistId], [Title], [Price], [AlbumArtUrl]) VALUES (274, 4, 9, N'A Lively Mind', 8.99, N'~/Images/placeholder.png')
INSERT INTO [dbo].[Albums] ([AlbumId], [GenreId], [ArtistId], [Title], [Price], [AlbumArtUrl]) VALUES (275, 4, 22, N'Airdrawn Dagger', 8.99, N'~/Images/placeholder.png')
INSERT INTO [dbo].[Albums] ([AlbumId], [GenreId], [ArtistId], [Title], [Price], [AlbumArtUrl]) VALUES (276, 4, 7, N'Album Title Goes Here', 8.99, N'~/Images/placeholder.png')
INSERT INTO [dbo].[Albums] ([AlbumId], [GenreId], [ArtistId], [Title], [Price], [AlbumArtUrl]) VALUES (277, 4, 24, N'Alive 2007', 8.99, N'~/Images/placeholder.png')
INSERT INTO [dbo].[Albums] ([AlbumId], [GenreId], [ArtistId], [Title], [Price], [AlbumArtUrl]) VALUES (278, 4, 48, N'Bedrock 11 Compiled & Mixed', 8.99, N'~/Images/placeholder.png')
INSERT INTO [dbo].[Albums] ([AlbumId], [GenreId], [ArtistId], [Title], [Price], [AlbumArtUrl]) VALUES (279, 4, 51, N'Big Bad Wolf ', 8.99, N'~/Images/placeholder.png')
INSERT INTO [dbo].[Albums] ([AlbumId], [GenreId], [ArtistId], [Title], [Price], [AlbumArtUrl]) VALUES (280, 4, 9, N'Bunkka', 8.99, N'~/Images/placeholder.png')
INSERT INTO [dbo].[Albums] ([AlbumId], [GenreId], [ArtistId], [Title], [Price], [AlbumArtUrl]) VALUES (281, 4, 61, N'Cake: B-Sides and Rarities', 8.99, N'~/Images/placeholder.png')
INSERT INTO [dbo].[Albums] ([AlbumId], [GenreId], [ArtistId], [Title], [Price], [AlbumArtUrl]) VALUES (282, 4, 63, N'Carried to Dust (Bonus Track Version)', 8.99, N'~/Images/placeholder.png')
INSERT INTO [dbo].[Albums] ([AlbumId], [GenreId], [ArtistId], [Title], [Price], [AlbumArtUrl]) VALUES (283, 4, 64, N'Carry On', 8.99, N'~/Images/placeholder.png')
INSERT INTO [dbo].[Albums] ([AlbumId], [GenreId], [ArtistId], [Title], [Price], [AlbumArtUrl]) VALUES (284, 4, 73, N'Classic Munkle: Turbo Edition', 8.99, N'~/Images/placeholder.png')
INSERT INTO [dbo].[Albums] ([AlbumId], [GenreId], [ArtistId], [Title], [Price], [AlbumArtUrl]) VALUES (285, 4, 82, N'Cross', 8.99, N'~/Images/placeholder.png')
INSERT INTO [dbo].[Albums] ([AlbumId], [GenreId], [ArtistId], [Title], [Price], [AlbumArtUrl]) VALUES (286, 4, 83, N'Culture of Fear', 8.99, N'~/Images/placeholder.png')
INSERT INTO [dbo].[Albums] ([AlbumId], [GenreId], [ArtistId], [Title], [Price], [AlbumArtUrl]) VALUES (287, 4, 93, N'Drum''n''bass for Papa', 8.99, N'~/Images/placeholder.png')
INSERT INTO [dbo].[Albums] ([AlbumId], [GenreId], [ArtistId], [Title], [Price], [AlbumArtUrl]) VALUES (288, 4, 95, N'Dummy', 8.99, N'~/Images/placeholder.png')
INSERT INTO [dbo].[Albums] ([AlbumId], [GenreId], [ArtistId], [Title], [Price], [AlbumArtUrl]) VALUES (289, 4, 100, N'Elements Of Life', 8.99, N'~/Images/placeholder.png')
INSERT INTO [dbo].[Albums] ([AlbumId], [GenreId], [ArtistId], [Title], [Price], [AlbumArtUrl]) VALUES (290, 4, 111, N'Further Down the Spiral', 8.99, N'~/Images/placeholder.png')
INSERT INTO [dbo].[Albums] ([AlbumId], [GenreId], [ArtistId], [Title], [Price], [AlbumArtUrl]) VALUES (291, 4, 117, N'Greatest Hits', 8.99, N'~/Images/placeholder.png')
INSERT INTO [dbo].[Albums] ([AlbumId], [GenreId], [ArtistId], [Title], [Price], [AlbumArtUrl]) VALUES (292, 4, 121, N'Group Therapy', 8.99, N'~/Images/placeholder.png')
INSERT INTO [dbo].[Albums] ([AlbumId], [GenreId], [ArtistId], [Title], [Price], [AlbumArtUrl]) VALUES (293, 4, 24, N'Homework', 8.99, N'~/Images/placeholder.png')
INSERT INTO [dbo].[Albums] ([AlbumId], [GenreId], [ArtistId], [Title], [Price], [AlbumArtUrl]) VALUES (294, 4, 141, N'ISAM', 8.99, N'~/Images/placeholder.png')
INSERT INTO [dbo].[Albums] ([AlbumId], [GenreId], [ArtistId], [Title], [Price], [AlbumArtUrl]) VALUES (295, 4, 167, N'Mezzanine', 8.99, N'~/Images/placeholder.png')
INSERT INTO [dbo].[Albums] ([AlbumId], [GenreId], [ArtistId], [Title], [Price], [AlbumArtUrl]) VALUES (296, 4, 176, N'Music For The Jilted Generation', 8.99, N'~/Images/placeholder.png')
INSERT INTO [dbo].[Albums] ([AlbumId], [GenreId], [ArtistId], [Title], [Price], [AlbumArtUrl]) VALUES (297, 4, 178, N'My Name is Skrillex', 8.99, N'~/Images/placeholder.png')
INSERT INTO [dbo].[Albums] ([AlbumId], [GenreId], [ArtistId], [Title], [Price], [AlbumArtUrl]) VALUES (298, 4, 190, N'One Love', 8.99, N'~/Images/placeholder.png')
INSERT INTO [dbo].[Albums] ([AlbumId], [GenreId], [ArtistId], [Title], [Price], [AlbumArtUrl]) VALUES (299, 4, 196, N'Pause', 8.99, N'~/Images/placeholder.png')
INSERT INTO [dbo].[Albums] ([AlbumId], [GenreId], [ArtistId], [Title], [Price], [AlbumArtUrl]) VALUES (300, 4, 32, N'Revelations', 8.99, N'~/Images/placeholder.png')
INSERT INTO [dbo].[Albums] ([AlbumId], [GenreId], [ArtistId], [Title], [Price], [AlbumArtUrl]) VALUES (301, 4, 196, N'Rounds', 8.99, N'~/Images/placeholder.png')
INSERT INTO [dbo].[Albums] ([AlbumId], [GenreId], [ArtistId], [Title], [Price], [AlbumArtUrl]) VALUES (302, 4, 178, N'Scary Monsters and Nice Sprites', 8.99, N'~/Images/placeholder.png')
INSERT INTO [dbo].[Albums] ([AlbumId], [GenreId], [ArtistId], [Title], [Price], [AlbumArtUrl]) VALUES (303, 4, 141, N'Supermodified', 8.99, N'~/Images/placeholder.png')
INSERT INTO [dbo].[Albums] ([AlbumId], [GenreId], [ArtistId], [Title], [Price], [AlbumArtUrl]) VALUES (304, 4, 245, N'Temple of the Dog', 8.99, N'~/Images/placeholder.png')
INSERT INTO [dbo].[Albums] ([AlbumId], [GenreId], [ArtistId], [Title], [Price], [AlbumArtUrl]) VALUES (305, 4, 276, N'Untrue', 8.99, N'~/Images/placeholder.png')
INSERT INTO [dbo].[Albums] ([AlbumId], [GenreId], [ArtistId], [Title], [Price], [AlbumArtUrl]) VALUES (306, 4, 281, N'Watermark', 8.99, N'~/Images/placeholder.png')
INSERT INTO [dbo].[Albums] ([AlbumId], [GenreId], [ArtistId], [Title], [Price], [AlbumArtUrl]) VALUES (307, 5, 6, N'1960', 8.99, N'~/Images/placeholder.png')
INSERT INTO [dbo].[Albums] ([AlbumId], [GenreId], [ArtistId], [Title], [Price], [AlbumArtUrl]) VALUES (308, 5, 113, N'Good News For People Who Love Bad News', 8.99, N'~/Images/placeholder.png')
INSERT INTO [dbo].[Albums] ([AlbumId], [GenreId], [ArtistId], [Title], [Price], [AlbumArtUrl]) VALUES (309, 5, 120, N'Greetings from Michigan', 8.99, N'~/Images/placeholder.png')
INSERT INTO [dbo].[Albums] ([AlbumId], [GenreId], [ArtistId], [Title], [Price], [AlbumArtUrl]) VALUES (310, 5, 244, N'Tell Another Joke at the Ol'' Choppin'' Block', 8.99, N'~/Images/placeholder.png')
INSERT INTO [dbo].[Albums] ([AlbumId], [GenreId], [ArtistId], [Title], [Price], [AlbumArtUrl]) VALUES (311, 5, 266, N'The Suburbs', 8.99, N'~/Images/placeholder.png')
INSERT INTO [dbo].[Albums] ([AlbumId], [GenreId], [ArtistId], [Title], [Price], [AlbumArtUrl]) VALUES (312, 6, 8, N'A Copland Celebration, Vol. I', 8.99, N'~/Images/placeholder.png')
INSERT INTO [dbo].[Albums] ([AlbumId], [GenreId], [ArtistId], [Title], [Price], [AlbumArtUrl]) VALUES (313, 6, 12, N'A Soprano Inspired', 8.99, N'~/Images/placeholder.png')
INSERT INTO [dbo].[Albums] ([AlbumId], [GenreId], [ArtistId], [Title], [Price], [AlbumArtUrl]) VALUES (314, 6, 13, N'A Winter Symphony', 8.99, N'~/Images/placeholder.png')
INSERT INTO [dbo].[Albums] ([AlbumId], [GenreId], [ArtistId], [Title], [Price], [AlbumArtUrl]) VALUES (315, 6, 18, N'Adams, John: The Chairman Dances', 8.99, N'~/Images/placeholder.png')
INSERT INTO [dbo].[Albums] ([AlbumId], [GenreId], [ArtistId], [Title], [Price], [AlbumArtUrl]) VALUES (316, 6, 13, N'All I Ask of You', 8.99, N'~/Images/placeholder.png')
INSERT INTO [dbo].[Albums] ([AlbumId], [GenreId], [ArtistId], [Title], [Price], [AlbumArtUrl]) VALUES (317, 6, 36, N'Bach: Goldberg Variations', 8.99, N'~/Images/placeholder.png')
INSERT INTO [dbo].[Albums] ([AlbumId], [GenreId], [ArtistId], [Title], [Price], [AlbumArtUrl]) VALUES (318, 6, 37, N'Bach: The Brandenburg Concertos', 8.99, N'~/Images/placeholder.png')
INSERT INTO [dbo].[Albums] ([AlbumId], [GenreId], [ArtistId], [Title], [Price], [AlbumArtUrl]) VALUES (319, 6, 38, N'Bach: The Cello Suites', 8.99, N'~/Images/placeholder.png')
INSERT INTO [dbo].[Albums] ([AlbumId], [GenreId], [ArtistId], [Title], [Price], [AlbumArtUrl]) VALUES (320, 6, 39, N'Bach: Toccata & Fugue in D Minor', 8.99, N'~/Images/placeholder.png')
INSERT INTO [dbo].[Albums] ([AlbumId], [GenreId], [ArtistId], [Title], [Price], [AlbumArtUrl]) VALUES (321, 6, 44, N'Bartok: Violin & Viola Concertos', 8.99, N'~/Images/placeholder.png')
INSERT INTO [dbo].[Albums] ([AlbumId], [GenreId], [ArtistId], [Title], [Price], [AlbumArtUrl]) VALUES (322, 6, 49, N'Berlioz: Symphonie Fantastique', 8.99, N'~/Images/placeholder.png')
INSERT INTO [dbo].[Albums] ([AlbumId], [GenreId], [ArtistId], [Title], [Price], [AlbumArtUrl]) VALUES (323, 6, 62, N'Carmina Burana', 8.99, N'~/Images/placeholder.png')
INSERT INTO [dbo].[Albums] ([AlbumId], [GenreId], [ArtistId], [Title], [Price], [AlbumArtUrl]) VALUES (324, 6, 13, N'Classics: The Best of Sarah Brightman', 8.99, N'~/Images/placeholder.png')
INSERT INTO [dbo].[Albums] ([AlbumId], [GenreId], [ArtistId], [Title], [Price], [AlbumArtUrl]) VALUES (325, 6, 13, N'Eden', 8.99, N'~/Images/placeholder.png')
INSERT INTO [dbo].[Albums] ([AlbumId], [GenreId], [ArtistId], [Title], [Price], [AlbumArtUrl]) VALUES (326, 6, 104, N'English Renaissance', 8.99, N'~/Images/placeholder.png')
INSERT INTO [dbo].[Albums] ([AlbumId], [GenreId], [ArtistId], [Title], [Price], [AlbumArtUrl]) VALUES (327, 6, 13, N'Fly', 8.99, N'~/Images/placeholder.png')
INSERT INTO [dbo].[Albums] ([AlbumId], [GenreId], [ArtistId], [Title], [Price], [AlbumArtUrl]) VALUES (328, 6, 115, N'Górecki: Symphony No. 3', 8.99, N'~/Images/placeholder.png')
INSERT INTO [dbo].[Albums] ([AlbumId], [GenreId], [ArtistId], [Title], [Price], [AlbumArtUrl]) VALUES (329, 6, 122, N'Handel: The Messiah (Highlights)', 8.99, N'~/Images/placeholder.png')
INSERT INTO [dbo].[Albums] ([AlbumId], [GenreId], [ArtistId], [Title], [Price], [AlbumArtUrl]) VALUES (330, 6, 123, N'Haydn: Symphonies 99 - 104', 8.99, N'~/Images/placeholder.png')
INSERT INTO [dbo].[Albums] ([AlbumId], [GenreId], [ArtistId], [Title], [Price], [AlbumArtUrl]) VALUES (331, 6, 13, N'Love Changes Everything', 8.99, N'~/Images/placeholder.png')
INSERT INTO [dbo].[Albums] ([AlbumId], [GenreId], [ArtistId], [Title], [Price], [AlbumArtUrl]) VALUES (332, 6, 160, N'Marasim', 8.99, N'~/Images/placeholder.png')
INSERT INTO [dbo].[Albums] ([AlbumId], [GenreId], [ArtistId], [Title], [Price], [AlbumArtUrl]) VALUES (333, 6, 161, N'Mascagni: Cavalleria Rusticana', 8.99, N'~/Images/placeholder.png')
INSERT INTO [dbo].[Albums] ([AlbumId], [GenreId], [ArtistId], [Title], [Price], [AlbumArtUrl]) VALUES (334, 6, 173, N'Mozart: Chamber Music', 8.99, N'~/Images/placeholder.png')
INSERT INTO [dbo].[Albums] ([AlbumId], [GenreId], [ArtistId], [Title], [Price], [AlbumArtUrl]) VALUES (335, 6, 174, N'Mozart: Symphonies Nos. 40 & 41', 8.99, N'~/Images/placeholder.png')
INSERT INTO [dbo].[Albums] ([AlbumId], [GenreId], [ArtistId], [Title], [Price], [AlbumArtUrl]) VALUES (336, 6, 182, N'Nielsen: The Six Symphonies', 8.99, N'~/Images/placeholder.png')
INSERT INTO [dbo].[Albums] ([AlbumId], [GenreId], [ArtistId], [Title], [Price], [AlbumArtUrl]) VALUES (337, 6, 193, N'Pachelbel: Canon & Gigue', 8.99, N'~/Images/placeholder.png')
INSERT INTO [dbo].[Albums] ([AlbumId], [GenreId], [ArtistId], [Title], [Price], [AlbumArtUrl]) VALUES (338, 6, 49, N'Prokofiev: Romeo & Juliet', 8.99, N'~/Images/placeholder.png')
INSERT INTO [dbo].[Albums] ([AlbumId], [GenreId], [ArtistId], [Title], [Price], [AlbumArtUrl]) VALUES (339, 6, 202, N'Prokofiev: Symphony No.1', 8.99, N'~/Images/placeholder.png')
INSERT INTO [dbo].[Albums] ([AlbumId], [GenreId], [ArtistId], [Title], [Price], [AlbumArtUrl]) VALUES (340, 6, 204, N'Purcell: The Fairy Queen', 8.99, N'~/Images/placeholder.png')
INSERT INTO [dbo].[Albums] ([AlbumId], [GenreId], [ArtistId], [Title], [Price], [AlbumArtUrl]) VALUES (341, 6, 214, N'Respighi:Pines of Rome', 8.99, N'~/Images/placeholder.png')
INSERT INTO [dbo].[Albums] ([AlbumId], [GenreId], [ArtistId], [Title], [Price], [AlbumArtUrl]) VALUES (342, 6, 222, N'Scheherazade', 8.99, N'~/Images/placeholder.png')
INSERT INTO [dbo].[Albums] ([AlbumId], [GenreId], [ArtistId], [Title], [Price], [AlbumArtUrl]) VALUES (343, 6, 223, N'SCRIABIN: Vers la flamme', 8.99, N'~/Images/placeholder.png')
INSERT INTO [dbo].[Albums] ([AlbumId], [GenreId], [ArtistId], [Title], [Price], [AlbumArtUrl]) VALUES (344, 6, 174, N'Sibelius: Finlandia', 8.99, N'~/Images/placeholder.png')
INSERT INTO [dbo].[Albums] ([AlbumId], [GenreId], [ArtistId], [Title], [Price], [AlbumArtUrl]) VALUES (345, 6, 235, N'South American Getaway', 8.99, N'~/Images/placeholder.png')
INSERT INTO [dbo].[Albums] ([AlbumId], [GenreId], [ArtistId], [Title], [Price], [AlbumArtUrl]) VALUES (346, 6, 214, N'Strauss: Waltzes', 8.99, N'~/Images/placeholder.png')
INSERT INTO [dbo].[Albums] ([AlbumId], [GenreId], [ArtistId], [Title], [Price], [AlbumArtUrl]) VALUES (347, 6, 240, N'Switched-On Bach', 8.99, N'~/Images/placeholder.png')
INSERT INTO [dbo].[Albums] ([AlbumId], [GenreId], [ArtistId], [Title], [Price], [AlbumArtUrl]) VALUES (348, 6, 13, N'Symphony', 8.99, N'~/Images/placeholder.png')
INSERT INTO [dbo].[Albums] ([AlbumId], [GenreId], [ArtistId], [Title], [Price], [AlbumArtUrl]) VALUES (349, 6, 241, N'Szymanowski: Piano Works, Vol. 1', 8.99, N'~/Images/placeholder.png')
INSERT INTO [dbo].[Albums] ([AlbumId], [GenreId], [ArtistId], [Title], [Price], [AlbumArtUrl]) VALUES (350, 6, 8, N'Tchaikovsky: The Nutcracker', 8.99, N'~/Images/placeholder.png')
INSERT INTO [dbo].[Albums] ([AlbumId], [GenreId], [ArtistId], [Title], [Price], [AlbumArtUrl]) VALUES (351, 6, 13, N'The Best of 1990–2000', 8.99, N'~/Images/placeholder.png')
INSERT INTO [dbo].[Albums] ([AlbumId], [GenreId], [ArtistId], [Title], [Price], [AlbumArtUrl]) VALUES (352, 6, 248, N'The Best of Beethoven', 8.99, N'~/Images/placeholder.png')
INSERT INTO [dbo].[Albums] ([AlbumId], [GenreId], [ArtistId], [Title], [Price], [AlbumArtUrl]) VALUES (353, 6, 262, N'The Last Night of the Proms', 8.99, N'~/Images/placeholder.png')
INSERT INTO [dbo].[Albums] ([AlbumId], [GenreId], [ArtistId], [Title], [Price], [AlbumArtUrl]) VALUES (354, 6, 267, N'The Three Tenors Disc1/Disc2', 8.99, N'~/Images/placeholder.png')
INSERT INTO [dbo].[Albums] ([AlbumId], [GenreId], [ArtistId], [Title], [Price], [AlbumArtUrl]) VALUES (355, 6, 13, N'The Trees They Grow So High', 8.99, N'~/Images/placeholder.png')
INSERT INTO [dbo].[Albums] ([AlbumId], [GenreId], [ArtistId], [Title], [Price], [AlbumArtUrl]) VALUES (356, 6, 13, N'Time to Say Goodbye', 8.99, N'~/Images/placeholder.png')
INSERT INTO [dbo].[Albums] ([AlbumId], [GenreId], [ArtistId], [Title], [Price], [AlbumArtUrl]) VALUES (357, 6, 278, N'Wagner: Favourite Overtures', 8.99, N'~/Images/placeholder.png')
INSERT INTO [dbo].[Albums] ([AlbumId], [GenreId], [ArtistId], [Title], [Price], [AlbumArtUrl]) VALUES (358, 6, 283, N'Weill: The Seven Deadly Sins', 8.99, N'~/Images/placeholder.png')
INSERT INTO [dbo].[Albums] ([AlbumId], [GenreId], [ArtistId], [Title], [Price], [AlbumArtUrl]) VALUES (359, 7, 17, N'Acústico MTV', 8.99, N'~/Images/placeholder.png')
INSERT INTO [dbo].[Albums] ([AlbumId], [GenreId], [ArtistId], [Title], [Price], [AlbumArtUrl]) VALUES (360, 7, 20, N'Afrociberdelia', 8.99, N'~/Images/placeholder.png')
INSERT INTO [dbo].[Albums] ([AlbumId], [GenreId], [ArtistId], [Title], [Price], [AlbumArtUrl]) VALUES (361, 7, 27, N'Ao Vivo [IMPORT]', 8.99, N'~/Images/placeholder.png')
INSERT INTO [dbo].[Albums] ([AlbumId], [GenreId], [ArtistId], [Title], [Price], [AlbumArtUrl]) VALUES (362, 7, 17, N'Arquivo II', 8.99, N'~/Images/placeholder.png')
INSERT INTO [dbo].[Albums] ([AlbumId], [GenreId], [ArtistId], [Title], [Price], [AlbumArtUrl]) VALUES (363, 7, 17, N'Arquivo Os Paralamas Do Sucesso', 8.99, N'~/Images/placeholder.png')
INSERT INTO [dbo].[Albums] ([AlbumId], [GenreId], [ArtistId], [Title], [Price], [AlbumArtUrl]) VALUES (364, 7, 45, N'Barulhinho Bom', 8.99, N'~/Images/placeholder.png')
INSERT INTO [dbo].[Albums] ([AlbumId], [GenreId], [ArtistId], [Title], [Price], [AlbumArtUrl]) VALUES (365, 7, 65, N'Cássia Eller - Sem Limite [Disc 1]', 8.99, N'~/Images/placeholder.png')
INSERT INTO [dbo].[Albums] ([AlbumId], [GenreId], [ArtistId], [Title], [Price], [AlbumArtUrl]) VALUES (366, 7, 67, N'Chill: Brazil (Disc 1)', 8.99, N'~/Images/placeholder.png')
INSERT INTO [dbo].[Albums] ([AlbumId], [GenreId], [ArtistId], [Title], [Price], [AlbumArtUrl]) VALUES (367, 7, 68, N'Chill: Brazil (Disc 2)', 8.99, N'~/Images/placeholder.png')
INSERT INTO [dbo].[Albums] ([AlbumId], [GenreId], [ArtistId], [Title], [Price], [AlbumArtUrl]) VALUES (368, 7, 72, N'Cidade Negra - Hits', 8.99, N'~/Images/placeholder.png')
INSERT INTO [dbo].[Albums] ([AlbumId], [GenreId], [ArtistId], [Title], [Price], [AlbumArtUrl]) VALUES (369, 7, 20, N'Da Lama Ao Caos', 8.99, N'~/Images/placeholder.png')
INSERT INTO [dbo].[Albums] ([AlbumId], [GenreId], [ArtistId], [Title], [Price], [AlbumArtUrl]) VALUES (370, 7, 87, N'Deixa Entrar', 8.99, N'~/Images/placeholder.png')
INSERT INTO [dbo].[Albums] ([AlbumId], [GenreId], [ArtistId], [Title], [Price], [AlbumArtUrl]) VALUES (371, 7, 92, N'Djavan Ao Vivo - Vol. 02', 8.99, N'~/Images/placeholder.png')
INSERT INTO [dbo].[Albums] ([AlbumId], [GenreId], [ArtistId], [Title], [Price], [AlbumArtUrl]) VALUES (372, 7, 92, N'Djavan Ao Vivo - Vol. 1', 8.99, N'~/Images/placeholder.png')
INSERT INTO [dbo].[Albums] ([AlbumId], [GenreId], [ArtistId], [Title], [Price], [AlbumArtUrl]) VALUES (373, 7, 96, N'Duos II', 8.99, N'~/Images/placeholder.png')
INSERT INTO [dbo].[Albums] ([AlbumId], [GenreId], [ArtistId], [Title], [Price], [AlbumArtUrl]) VALUES (374, 7, 101, N'Elis Regina-Minha História', 8.99, N'~/Images/placeholder.png')
INSERT INTO [dbo].[Albums] ([AlbumId], [GenreId], [ArtistId], [Title], [Price], [AlbumArtUrl]) VALUES (375, 7, 143, N'Jorge Ben Jor 25 Anos', 8.99, N'~/Images/placeholder.png')
INSERT INTO [dbo].[Albums] ([AlbumId], [GenreId], [ArtistId], [Title], [Price], [AlbumArtUrl]) VALUES (376, 7, 144, N'Jota Quest-1995', 8.99, N'~/Images/placeholder.png')
INSERT INTO [dbo].[Albums] ([AlbumId], [GenreId], [ArtistId], [Title], [Price], [AlbumArtUrl]) VALUES (377, 7, 158, N'Mais Do Mesmo', 8.99, N'~/Images/placeholder.png')
INSERT INTO [dbo].[Albums] ([AlbumId], [GenreId], [ArtistId], [Title], [Price], [AlbumArtUrl]) VALUES (378, 7, 165, N'Meus Momentos', 8.99, N'~/Images/placeholder.png')
INSERT INTO [dbo].[Albums] ([AlbumId], [GenreId], [ArtistId], [Title], [Price], [AlbumArtUrl]) VALUES (379, 7, 168, N'Milton Nascimento Ao Vivo', 8.99, N'~/Images/placeholder.png')
INSERT INTO [dbo].[Albums] ([AlbumId], [GenreId], [ArtistId], [Title], [Price], [AlbumArtUrl]) VALUES (380, 7, 168, N'Minas', 8.99, N'~/Images/placeholder.png')
INSERT INTO [dbo].[Albums] ([AlbumId], [GenreId], [ArtistId], [Title], [Price], [AlbumArtUrl]) VALUES (381, 7, 169, N'Minha Historia', 8.99, N'~/Images/placeholder.png')
INSERT INTO [dbo].[Albums] ([AlbumId], [GenreId], [ArtistId], [Title], [Price], [AlbumArtUrl]) VALUES (382, 7, 179, N'Na Pista', 8.99, N'~/Images/placeholder.png')
INSERT INTO [dbo].[Albums] ([AlbumId], [GenreId], [ArtistId], [Title], [Price], [AlbumArtUrl]) VALUES (383, 7, 189, N'Olodum', 8.99, N'~/Images/placeholder.png')
INSERT INTO [dbo].[Albums] ([AlbumId], [GenreId], [ArtistId], [Title], [Price], [AlbumArtUrl]) VALUES (384, 7, 195, N'Para Siempre', 8.99, N'~/Images/placeholder.png')
INSERT INTO [dbo].[Albums] ([AlbumId], [GenreId], [ArtistId], [Title], [Price], [AlbumArtUrl]) VALUES (385, 7, 199, N'Prenda Minha', 8.99, N'~/Images/placeholder.png')
INSERT INTO [dbo].[Albums] ([AlbumId], [GenreId], [ArtistId], [Title], [Price], [AlbumArtUrl]) VALUES (386, 7, 205, N'Quanta Gente Veio Ver (Live)', 8.99, N'~/Images/placeholder.png')
INSERT INTO [dbo].[Albums] ([AlbumId], [GenreId], [ArtistId], [Title], [Price], [AlbumArtUrl]) VALUES (387, 7, 207, N'Raices', 8.99, N'~/Images/placeholder.png')
INSERT INTO [dbo].[Albums] ([AlbumId], [GenreId], [ArtistId], [Title], [Price], [AlbumArtUrl]) VALUES (388, 7, 217, N'Roda De Funk', 8.99, N'~/Images/placeholder.png')
INSERT INTO [dbo].[Albums] ([AlbumId], [GenreId], [ArtistId], [Title], [Price], [AlbumArtUrl]) VALUES (389, 7, 34, N'Sambas De Enredo 2001', 8.99, N'~/Images/placeholder.png')
INSERT INTO [dbo].[Albums] ([AlbumId], [GenreId], [ArtistId], [Title], [Price], [AlbumArtUrl]) VALUES (390, 7, 225, N'Serie Sem Limite (Disc 1)', 8.99, N'~/Images/placeholder.png')
INSERT INTO [dbo].[Albums] ([AlbumId], [GenreId], [ArtistId], [Title], [Price], [AlbumArtUrl]) VALUES (391, 7, 225, N'Serie Sem Limite (Disc 2)', 8.99, N'~/Images/placeholder.png')
INSERT INTO [dbo].[Albums] ([AlbumId], [GenreId], [ArtistId], [Title], [Price], [AlbumArtUrl]) VALUES (392, 7, 199, N'Sozinho Remix Ao Vivo', 8.99, N'~/Images/placeholder.png')
INSERT INTO [dbo].[Albums] ([AlbumId], [GenreId], [ArtistId], [Title], [Price], [AlbumArtUrl]) VALUES (393, 7, 250, N'The Best of Ed Motta', 8.99, N'~/Images/placeholder.png')
INSERT INTO [dbo].[Albums] ([AlbumId], [GenreId], [ArtistId], [Title], [Price], [AlbumArtUrl]) VALUES (394, 7, 256, N'Unplugged', 8.99, N'~/Images/placeholder.png')
INSERT INTO [dbo].[Albums] ([AlbumId], [GenreId], [ArtistId], [Title], [Price], [AlbumArtUrl]) VALUES (395, 7, 277, N'Vinicius De Moraes', 8.99, N'~/Images/placeholder.png')
INSERT INTO [dbo].[Albums] ([AlbumId], [GenreId], [ArtistId], [Title], [Price], [AlbumArtUrl]) VALUES (396, 7, 34, N'Vozes do MPB', 8.99, N'~/Images/placeholder.png')
INSERT INTO [dbo].[Albums] ([AlbumId], [GenreId], [ArtistId], [Title], [Price], [AlbumArtUrl]) VALUES (397, 8, 33, N'Automatic for the People', 8.99, N'~/Images/placeholder.png')
INSERT INTO [dbo].[Albums] ([AlbumId], [GenreId], [ArtistId], [Title], [Price], [AlbumArtUrl]) VALUES (398, 8, 35, N'Babel', 8.99, N'~/Images/placeholder.png')
INSERT INTO [dbo].[Albums] ([AlbumId], [GenreId], [ArtistId], [Title], [Price], [AlbumArtUrl]) VALUES (399, 8, 61, N'Comfort Eagle', 8.99, N'~/Images/placeholder.png')
INSERT INTO [dbo].[Albums] ([AlbumId], [GenreId], [ArtistId], [Title], [Price], [AlbumArtUrl]) VALUES (400, 8, 112, N'Garbage', 8.99, N'~/Images/placeholder.png')
INSERT INTO [dbo].[Albums] ([AlbumId], [GenreId], [ArtistId], [Title], [Price], [AlbumArtUrl]) VALUES (401, 8, 114, N'Gordon', 8.99, N'~/Images/placeholder.png')
INSERT INTO [dbo].[Albums] ([AlbumId], [GenreId], [ArtistId], [Title], [Price], [AlbumArtUrl]) VALUES (402, 8, 142, N'Jagged Little Pill', 8.99, N'~/Images/placeholder.png')
INSERT INTO [dbo].[Albums] ([AlbumId], [GenreId], [ArtistId], [Title], [Price], [AlbumArtUrl]) VALUES (403, 8, 145, N'Kick', 8.99, N'~/Images/placeholder.png')
INSERT INTO [dbo].[Albums] ([AlbumId], [GenreId], [ArtistId], [Title], [Price], [AlbumArtUrl]) VALUES (404, 8, 152, N'Little Earthquakes', 8.99, N'~/Images/placeholder.png')
INSERT INTO [dbo].[Albums] ([AlbumId], [GenreId], [ArtistId], [Title], [Price], [AlbumArtUrl]) VALUES (405, 8, 163, N'Mental Jewelry', 8.99, N'~/Images/placeholder.png')
INSERT INTO [dbo].[Albums] ([AlbumId], [GenreId], [ArtistId], [Title], [Price], [AlbumArtUrl]) VALUES (406, 8, 111, N'Pretty Hate Machine', 8.99, N'~/Images/placeholder.png')
INSERT INTO [dbo].[Albums] ([AlbumId], [GenreId], [ArtistId], [Title], [Price], [AlbumArtUrl]) VALUES (407, 8, 255, N'The Crane Wife', 8.99, N'~/Images/placeholder.png')
INSERT INTO [dbo].[Albums] ([AlbumId], [GenreId], [ArtistId], [Title], [Price], [AlbumArtUrl]) VALUES (408, 8, 273, N'Tuesday Night Music Club', 8.99, N'~/Images/placeholder.png')
INSERT INTO [dbo].[Albums] ([AlbumId], [GenreId], [ArtistId], [Title], [Price], [AlbumArtUrl]) VALUES (409, 8, 152, N'Under the Pink', 8.99, N'~/Images/placeholder.png')
INSERT INTO [dbo].[Albums] ([AlbumId], [GenreId], [ArtistId], [Title], [Price], [AlbumArtUrl]) VALUES (410, 8, 112, N'Version 2.0', 8.99, N'~/Images/placeholder.png')
INSERT INTO [dbo].[Albums] ([AlbumId], [GenreId], [ArtistId], [Title], [Price], [AlbumArtUrl]) VALUES (411, 9, 56, N'Blue Moods', 8.99, N'~/Images/placeholder.png')
INSERT INTO [dbo].[Albums] ([AlbumId], [GenreId], [ArtistId], [Title], [Price], [AlbumArtUrl]) VALUES (412, 9, 74, N'Come Away With Me', 8.99, N'~/Images/placeholder.png')
INSERT INTO [dbo].[Albums] ([AlbumId], [GenreId], [ArtistId], [Title], [Price], [AlbumArtUrl]) VALUES (413, 9, 99, N'Elegant Gypsy', 8.99, N'~/Images/placeholder.png')
INSERT INTO [dbo].[Albums] ([AlbumId], [GenreId], [ArtistId], [Title], [Price], [AlbumArtUrl]) VALUES (414, 9, 74, N'Feels Like Home', 8.99, N'~/Images/placeholder.png')
INSERT INTO [dbo].[Albums] ([AlbumId], [GenreId], [ArtistId], [Title], [Price], [AlbumArtUrl]) VALUES (415, 9, 124, N'Heart of the Night', 8.99, N'~/Images/placeholder.png')
INSERT INTO [dbo].[Albums] ([AlbumId], [GenreId], [ArtistId], [Title], [Price], [AlbumArtUrl]) VALUES (416, 9, 146, N'Kind of Blue', 8.99, N'~/Images/placeholder.png')
INSERT INTO [dbo].[Albums] ([AlbumId], [GenreId], [ArtistId], [Title], [Price], [AlbumArtUrl]) VALUES (417, 9, 154, N'Live on Earth', 8.99, N'~/Images/placeholder.png')
INSERT INTO [dbo].[Albums] ([AlbumId], [GenreId], [ArtistId], [Title], [Price], [AlbumArtUrl]) VALUES (418, 9, 146, N'Miles Ahead', 8.99, N'~/Images/placeholder.png')
INSERT INTO [dbo].[Albums] ([AlbumId], [GenreId], [ArtistId], [Title], [Price], [AlbumArtUrl]) VALUES (419, 9, 124, N'Morning Dance', 8.99, N'~/Images/placeholder.png')
INSERT INTO [dbo].[Albums] ([AlbumId], [GenreId], [ArtistId], [Title], [Price], [AlbumArtUrl]) VALUES (420, 9, 192, N'Outbreak', 8.99, N'~/Images/placeholder.png')
INSERT INTO [dbo].[Albums] ([AlbumId], [GenreId], [ArtistId], [Title], [Price], [AlbumArtUrl]) VALUES (421, 9, 205, N'Quanta Gente Veio ver--Bônus De Carnaval', 8.99, N'~/Images/placeholder.png')
INSERT INTO [dbo].[Albums] ([AlbumId], [GenreId], [ArtistId], [Title], [Price], [AlbumArtUrl]) VALUES (422, 9, 206, N'Quiet Songs', 8.99, N'~/Images/placeholder.png')
INSERT INTO [dbo].[Albums] ([AlbumId], [GenreId], [ArtistId], [Title], [Price], [AlbumArtUrl]) VALUES (423, 9, 219, N'Root Down', 8.99, N'~/Images/placeholder.png')
INSERT INTO [dbo].[Albums] ([AlbumId], [GenreId], [ArtistId], [Title], [Price], [AlbumArtUrl]) VALUES (424, 9, 249, N'The Best Of Billy Cobham', 8.99, N'~/Images/placeholder.png')
INSERT INTO [dbo].[Albums] ([AlbumId], [GenreId], [ArtistId], [Title], [Price], [AlbumArtUrl]) VALUES (425, 9, 146, N'The Essential Miles Davis [Disc 1]', 8.99, N'~/Images/placeholder.png')
INSERT INTO [dbo].[Albums] ([AlbumId], [GenreId], [ArtistId], [Title], [Price], [AlbumArtUrl]) VALUES (426, 9, 146, N'The Essential Miles Davis [Disc 2]', 8.99, N'~/Images/placeholder.png')
INSERT INTO [dbo].[Albums] ([AlbumId], [GenreId], [ArtistId], [Title], [Price], [AlbumArtUrl]) VALUES (427, 9, 68, N'Warner 25 Anos', 8.99, N'~/Images/placeholder.png')
INSERT INTO [dbo].[Albums] ([AlbumId], [GenreId], [ArtistId], [Title], [Price], [AlbumArtUrl]) VALUES (428, 9, 285, N'Worlds', 8.99, N'~/Images/placeholder.png')
INSERT INTO [dbo].[Albums] ([AlbumId], [GenreId], [ArtistId], [Title], [Price], [AlbumArtUrl]) VALUES (429, 10, 81, N'Cosmicolor', 8.99, N'~/Images/placeholder.png')
INSERT INTO [dbo].[Albums] ([AlbumId], [GenreId], [ArtistId], [Title], [Price], [AlbumArtUrl]) VALUES (430, 10, 107, N'Fear of a Black Planet', 8.99, N'~/Images/placeholder.png')
INSERT INTO [dbo].[Albums] ([AlbumId], [GenreId], [ArtistId], [Title], [Price], [AlbumArtUrl]) VALUES (431, 10, 194, N'Paid in Full', 8.99, N'~/Images/placeholder.png')
INSERT INTO [dbo].[Albums] ([AlbumId], [GenreId], [ArtistId], [Title], [Price], [AlbumArtUrl]) VALUES (432, 10, 208, N'Raising Hell', 8.99, N'~/Images/placeholder.png')
INSERT INTO [dbo].[Albums] ([AlbumId], [GenreId], [ArtistId], [Title], [Price], [AlbumArtUrl]) VALUES (433, 10, 211, N'Recovery [Explicit]', 8.99, N'~/Images/placeholder.png')
INSERT INTO [dbo].[Albums] ([AlbumId], [GenreId], [ArtistId], [Title], [Price], [AlbumArtUrl]) VALUES (434, 10, 226, N'Serious About Men', 8.99, N'~/Images/placeholder.png')
INSERT INTO [dbo].[Albums] ([AlbumId], [GenreId], [ArtistId], [Title], [Price], [AlbumArtUrl]) VALUES (435, 10, 236, N'Spiritual State', 8.99, N'~/Images/placeholder.png')
INSERT INTO [dbo].[Albums] ([AlbumId], [GenreId], [ArtistId], [Title], [Price], [AlbumArtUrl]) VALUES (436, 10, 243, N'Teflon Don', 8.99, N'~/Images/placeholder.png')
INSERT INTO [dbo].[Albums] ([AlbumId], [GenreId], [ArtistId], [Title], [Price], [AlbumArtUrl]) VALUES (437, 10, 254, N'The Chronic', 8.99, N'~/Images/placeholder.png')
INSERT INTO [dbo].[Albums] ([AlbumId], [GenreId], [ArtistId], [Title], [Price], [AlbumArtUrl]) VALUES (438, 11, 94, N'Duluth', 8.99, N'~/Images/placeholder.png')
INSERT INTO [dbo].[Albums] ([AlbumId], [GenreId], [ArtistId], [Title], [Price], [AlbumArtUrl]) VALUES (439, 11, 97, N'Earl Scruggs and Friends', 8.99, N'~/Images/placeholder.png')
INSERT INTO [dbo].[Albums] ([AlbumId], [GenreId], [ArtistId], [Title], [Price], [AlbumArtUrl]) VALUES (440, 11, 149, N'Last Call', 8.99, N'~/Images/placeholder.png')
INSERT INTO [dbo].[Albums] ([AlbumId], [GenreId], [ArtistId], [Title], [Price], [AlbumArtUrl]) VALUES (441, 11, 185, N'O Brother, Where Art Thou?', 8.99, N'~/Images/placeholder.png')
INSERT INTO [dbo].[Albums] ([AlbumId], [GenreId], [ArtistId], [Title], [Price], [AlbumArtUrl]) VALUES (442, 11, 232, N'Something Special', 8.99, N'~/Images/placeholder.png')
INSERT INTO [dbo].[Albums] ([AlbumId], [GenreId], [ArtistId], [Title], [Price], [AlbumArtUrl]) VALUES (443, 11, 233, N'Song(s) You Know By Heart', 8.99, N'~/Images/placeholder.png')
INSERT INTO [dbo].[Albums] ([AlbumId], [GenreId], [ArtistId], [Title], [Price], [AlbumArtUrl]) VALUES (444, 12, 109, N'Four', 8.99, N'~/Images/placeholder.png')
INSERT INTO [dbo].[Albums] ([AlbumId], [GenreId], [ArtistId], [Title], [Price], [AlbumArtUrl]) VALUES (445, 12, 134, N'In Step', 8.99, N'~/Images/placeholder.png')
INSERT INTO [dbo].[Albums] ([AlbumId], [GenreId], [ArtistId], [Title], [Price], [AlbumArtUrl]) VALUES (446, 12, 10, N'Iron Maiden', 8.99, N'~/Images/placeholder.png')
INSERT INTO [dbo].[Albums] ([AlbumId], [GenreId], [ArtistId], [Title], [Price], [AlbumArtUrl]) VALUES (447, 12, 153, N'Live [Disc 1]', 8.99, N'~/Images/placeholder.png')
INSERT INTO [dbo].[Albums] ([AlbumId], [GenreId], [ArtistId], [Title], [Price], [AlbumArtUrl]) VALUES (448, 12, 153, N'Live [Disc 2]', 8.99, N'~/Images/placeholder.png')
INSERT INTO [dbo].[Albums] ([AlbumId], [GenreId], [ArtistId], [Title], [Price], [AlbumArtUrl]) VALUES (449, 12, 246, N'Texas Flood', 8.99, N'~/Images/placeholder.png')
INSERT INTO [dbo].[Albums] ([AlbumId], [GenreId], [ArtistId], [Title], [Price], [AlbumArtUrl]) VALUES (450, 12, 256, N'The Cream Of Clapton', 8.99, N'~/Images/placeholder.png')
INSERT INTO [dbo].[Albums] ([AlbumId], [GenreId], [ArtistId], [Title], [Price], [AlbumArtUrl]) VALUES (451, 12, 153, N'The Southern Harmony and Musical Companion', 8.99, N'~/Images/placeholder.png')
INSERT INTO [dbo].[Albums] ([AlbumId], [GenreId], [ArtistId], [Title], [Price], [AlbumArtUrl]) VALUES (452, 12, 256, N'Unplugged', 8.99, N'~/Images/placeholder.png')
INSERT INTO [dbo].[Albums] ([AlbumId], [GenreId], [ArtistId], [Title], [Price], [AlbumArtUrl]) VALUES (453, 13, 150, N'Le Freak', 8.99, N'~/Images/placeholder.png')
INSERT INTO [dbo].[Albums] ([AlbumId], [GenreId], [ArtistId], [Title], [Price], [AlbumArtUrl]) VALUES (454, 13, 157, N'MacArthur Park Suite', 8.99, N'~/Images/placeholder.png')
INSERT INTO [dbo].[Albums] ([AlbumId], [GenreId], [ArtistId], [Title], [Price], [AlbumArtUrl]) VALUES (455, 13, 186, N'O(+>', 8.99, N'~/Images/placeholder.png')
INSERT INTO [dbo].[Albums] ([AlbumId], [GenreId], [ArtistId], [Title], [Price], [AlbumArtUrl]) VALUES (456, 13, 215, N'Ring My Bell', 8.99, N'~/Images/placeholder.png')
INSERT INTO [dbo].[Albums] ([AlbumId], [GenreId], [ArtistId], [Title], [Price], [AlbumArtUrl]) VALUES (457, 13, 221, N'Saturday Night Fever', 8.99, N'~/Images/placeholder.png')
INSERT INTO [dbo].[Albums] ([AlbumId], [GenreId], [ArtistId], [Title], [Price], [AlbumArtUrl]) VALUES (458, 13, 251, N'The Bridge', 8.99, N'~/Images/placeholder.png')
INSERT INTO [dbo].[Albums] ([AlbumId], [GenreId], [ArtistId], [Title], [Price], [AlbumArtUrl]) VALUES (459, 14, 181, N'New York Dolls', 8.99, N'~/Images/placeholder.png')
INSERT INTO [dbo].[Albums] ([AlbumId], [GenreId], [ArtistId], [Title], [Price], [AlbumArtUrl]) VALUES (460, 14, 234, N'Sound of Music', 8.99, N'~/Images/placeholder.png')
INSERT INTO [dbo].[Albums] ([AlbumId], [GenreId], [ArtistId], [Title], [Price], [AlbumArtUrl]) VALUES (461, 14, 238, N'Stranger than Fiction', 8.99, N'~/Images/placeholder.png')
SET IDENTITY_INSERT [dbo].[Albums] OFF
SET IDENTITY_INSERT [dbo].[Artists] ON
INSERT INTO [dbo].[Artists] ([ArtistId], [Name]) VALUES (0, N'Men At Work')
INSERT INTO [dbo].[Artists] ([ArtistId], [Name]) VALUES (1, N'Metallica')
INSERT INTO [dbo].[Artists] ([ArtistId], [Name]) VALUES (2, N'אריק אינשטיין')
INSERT INTO [dbo].[Artists] ([ArtistId], [Name]) VALUES (3, N'Terry Bozzio, Tony Levin & Steve Stevens')
INSERT INTO [dbo].[Artists] ([ArtistId], [Name]) VALUES (4, N'Tool')
INSERT INTO [dbo].[Artists] ([ArtistId], [Name]) VALUES (5, N'Supreme Beings of Leisure')
INSERT INTO [dbo].[Artists] ([ArtistId], [Name]) VALUES (6, N'Soul-Junk')
INSERT INTO [dbo].[Artists] ([ArtistId], [Name]) VALUES (7, N'deadmau5')
INSERT INTO [dbo].[Artists] ([ArtistId], [Name]) VALUES (8, N'London Symphony Orchestra')
INSERT INTO [dbo].[Artists] ([ArtistId], [Name]) VALUES (9, N'Paul Oakenfold')
INSERT INTO [dbo].[Artists] ([ArtistId], [Name]) VALUES (10, N'Iron Maiden')
INSERT INTO [dbo].[Artists] ([ArtistId], [Name]) VALUES (11, N'Coldplay')
INSERT INTO [dbo].[Artists] ([ArtistId], [Name]) VALUES (12, N'Britten Sinfonia, Ivor Bolton & Lesley Garrett')
INSERT INTO [dbo].[Artists] ([ArtistId], [Name]) VALUES (13, N'Sarah Brightman')
INSERT INTO [dbo].[Artists] ([ArtistId], [Name]) VALUES (14, N'The Beatles')
INSERT INTO [dbo].[Artists] ([ArtistId], [Name]) VALUES (15, N'Motörhead')
INSERT INTO [dbo].[Artists] ([ArtistId], [Name]) VALUES (16, N'U2')
INSERT INTO [dbo].[Artists] ([ArtistId], [Name]) VALUES (17, N'Os Paralamas Do Sucesso')
INSERT INTO [dbo].[Artists] ([ArtistId], [Name]) VALUES (18, N'Edo de Waart & San Francisco Symphony')
INSERT INTO [dbo].[Artists] ([ArtistId], [Name]) VALUES (19, N'Deftones')
INSERT INTO [dbo].[Artists] ([ArtistId], [Name]) VALUES (20, N'Chico Science & Nação Zumbi')
INSERT INTO [dbo].[Artists] ([ArtistId], [Name]) VALUES (21, N'Neil Young')
INSERT INTO [dbo].[Artists] ([ArtistId], [Name]) VALUES (22, N'Sasha')
INSERT INTO [dbo].[Artists] ([ArtistId], [Name]) VALUES (23, N'Black Label Society')
INSERT INTO [dbo].[Artists] ([ArtistId], [Name]) VALUES (24, N'Daft Punk')
INSERT INTO [dbo].[Artists] ([ArtistId], [Name]) VALUES (25, N'Paddy Casey')
INSERT INTO [dbo].[Artists] ([ArtistId], [Name]) VALUES (26, N'The Axis of Awesome')
INSERT INTO [dbo].[Artists] ([ArtistId], [Name]) VALUES (27, N'Zeca Pagodinho')
INSERT INTO [dbo].[Artists] ([ArtistId], [Name]) VALUES (28, N'Slash')
INSERT INTO [dbo].[Artists] ([ArtistId], [Name]) VALUES (29, N'Guns N'' Roses')
INSERT INTO [dbo].[Artists] ([ArtistId], [Name]) VALUES (30, N'Jimi Hendrix')
INSERT INTO [dbo].[Artists] ([ArtistId], [Name]) VALUES (31, N'Soundgarden')
INSERT INTO [dbo].[Artists] ([ArtistId], [Name]) VALUES (32, N'Audioslave')
INSERT INTO [dbo].[Artists] ([ArtistId], [Name]) VALUES (33, N'R.E.M.')
INSERT INTO [dbo].[Artists] ([ArtistId], [Name]) VALUES (34, N'Various Artists')
INSERT INTO [dbo].[Artists] ([ArtistId], [Name]) VALUES (35, N'Mumford & Sons')
INSERT INTO [dbo].[Artists] ([ArtistId], [Name]) VALUES (36, N'Wilhelm Kempff')
INSERT INTO [dbo].[Artists] ([ArtistId], [Name]) VALUES (37, N'Orchestra of The Age of Enlightenment')
INSERT INTO [dbo].[Artists] ([ArtistId], [Name]) VALUES (38, N'Yo-Yo Ma')
INSERT INTO [dbo].[Artists] ([ArtistId], [Name]) VALUES (39, N'Ton Koopman')
INSERT INTO [dbo].[Artists] ([ArtistId], [Name]) VALUES (40, N'Accept')
INSERT INTO [dbo].[Artists] ([ArtistId], [Name]) VALUES (41, N'Amr Diab')
INSERT INTO [dbo].[Artists] ([ArtistId], [Name]) VALUES (42, N'Aqua')
INSERT INTO [dbo].[Artists] ([ArtistId], [Name]) VALUES (43, N'Ozzy Osbourne')
INSERT INTO [dbo].[Artists] ([ArtistId], [Name]) VALUES (44, N'Yehudi Menuhin')
INSERT INTO [dbo].[Artists] ([ArtistId], [Name]) VALUES (45, N'Marisa Monte')
INSERT INTO [dbo].[Artists] ([ArtistId], [Name]) VALUES (46, N'Led Zeppelin')
INSERT INTO [dbo].[Artists] ([ArtistId], [Name]) VALUES (47, N'Oasis')
INSERT INTO [dbo].[Artists] ([ArtistId], [Name]) VALUES (48, N'John Digweed')
INSERT INTO [dbo].[Artists] ([ArtistId], [Name]) VALUES (49, N'Michael Tilson Thomas')
INSERT INTO [dbo].[Artists] ([ArtistId], [Name]) VALUES (50, N'The Cult')
INSERT INTO [dbo].[Artists] ([ArtistId], [Name]) VALUES (51, N'Armand Van Helden')
INSERT INTO [dbo].[Artists] ([ArtistId], [Name]) VALUES (52, N'Aerosmith')
INSERT INTO [dbo].[Artists] ([ArtistId], [Name]) VALUES (53, N'Black Sabbath')
INSERT INTO [dbo].[Artists] ([ArtistId], [Name]) VALUES (54, N'Opeth')
INSERT INTO [dbo].[Artists] ([ArtistId], [Name]) VALUES (55, N'In This Moment')
INSERT INTO [dbo].[Artists] ([ArtistId], [Name]) VALUES (56, N'Incognito')
INSERT INTO [dbo].[Artists] ([ArtistId], [Name]) VALUES (57, N'Weezer')
INSERT INTO [dbo].[Artists] ([ArtistId], [Name]) VALUES (58, N'Frank Zappa & Captain Beefheart')
INSERT INTO [dbo].[Artists] ([ArtistId], [Name]) VALUES (59, N'Alabama Shakes')
INSERT INTO [dbo].[Artists] ([ArtistId], [Name]) VALUES (60, N'Red Hot Chili Peppers')
INSERT INTO [dbo].[Artists] ([ArtistId], [Name]) VALUES (61, N'Cake')
INSERT INTO [dbo].[Artists] ([ArtistId], [Name]) VALUES (62, N'Boston Symphony Orchestra & Seiji Ozawa')
INSERT INTO [dbo].[Artists] ([ArtistId], [Name]) VALUES (63, N'Calexico')
INSERT INTO [dbo].[Artists] ([ArtistId], [Name]) VALUES (64, N'Chris Cornell')
INSERT INTO [dbo].[Artists] ([ArtistId], [Name]) VALUES (65, N'Cássia Eller')
INSERT INTO [dbo].[Artists] ([ArtistId], [Name]) VALUES (66, N'Bruce Dickinson')
INSERT INTO [dbo].[Artists] ([ArtistId], [Name]) VALUES (67, N'Marcos Valle')
INSERT INTO [dbo].[Artists] ([ArtistId], [Name]) VALUES (68, N'Antônio Carlos Jobim')
INSERT INTO [dbo].[Artists] ([ArtistId], [Name]) VALUES (69, N'Limp Bizkit')
INSERT INTO [dbo].[Artists] ([ArtistId], [Name]) VALUES (70, N'Creedence Clearwater Revival')
INSERT INTO [dbo].[Artists] ([ArtistId], [Name]) VALUES (71, N'TheStart')
INSERT INTO [dbo].[Artists] ([ArtistId], [Name]) VALUES (72, N'Cidade Negra')
INSERT INTO [dbo].[Artists] ([ArtistId], [Name]) VALUES (73, N'Munkle')
INSERT INTO [dbo].[Artists] ([ArtistId], [Name]) VALUES (74, N'Norah Jones')
INSERT INTO [dbo].[Artists] ([ArtistId], [Name]) VALUES (75, N'Deep Purple')
INSERT INTO [dbo].[Artists] ([ArtistId], [Name]) VALUES (76, N'Uh Huh Her ')
INSERT INTO [dbo].[Artists] ([ArtistId], [Name]) VALUES (77, N'O Terço')
INSERT INTO [dbo].[Artists] ([ArtistId], [Name]) VALUES (78, N'Velvet Revolver')
INSERT INTO [dbo].[Artists] ([ArtistId], [Name]) VALUES (79, N'Stone Temple Pilots')
INSERT INTO [dbo].[Artists] ([ArtistId], [Name]) VALUES (80, N'Styx')
INSERT INTO [dbo].[Artists] ([ArtistId], [Name]) VALUES (81, N'M-Flo')
INSERT INTO [dbo].[Artists] ([ArtistId], [Name]) VALUES (82, N'Justice')
INSERT INTO [dbo].[Artists] ([ArtistId], [Name]) VALUES (83, N'Thievery Corporation')
INSERT INTO [dbo].[Artists] ([ArtistId], [Name]) VALUES (84, N'Deva Premal')
INSERT INTO [dbo].[Artists] ([ArtistId], [Name]) VALUES (85, N'Pink Floyd')
INSERT INTO [dbo].[Artists] ([ArtistId], [Name]) VALUES (86, N'Above the Fold')
INSERT INTO [dbo].[Artists] ([ArtistId], [Name]) VALUES (87, N'Falamansa')
INSERT INTO [dbo].[Artists] ([ArtistId], [Name]) VALUES (88, N'Crosby, Stills, Nash, and Young')
INSERT INTO [dbo].[Artists] ([ArtistId], [Name]) VALUES (89, N'Lura')
INSERT INTO [dbo].[Artists] ([ArtistId], [Name]) VALUES (90, N'Alice in Chains')
INSERT INTO [dbo].[Artists] ([ArtistId], [Name]) VALUES (91, N'Van Halen')
INSERT INTO [dbo].[Artists] ([ArtistId], [Name]) VALUES (92, N'Djavan')
INSERT INTO [dbo].[Artists] ([ArtistId], [Name]) VALUES (93, N'Plug')
INSERT INTO [dbo].[Artists] ([ArtistId], [Name]) VALUES (94, N'Trampled By Turtles')
INSERT INTO [dbo].[Artists] ([ArtistId], [Name]) VALUES (95, N'Portishead')
INSERT INTO [dbo].[Artists] ([ArtistId], [Name]) VALUES (96, N'Luciana Souza/Romero Lubambo')
INSERT INTO [dbo].[Artists] ([ArtistId], [Name]) VALUES (97, N'Earl Scruggs')
INSERT INTO [dbo].[Artists] ([ArtistId], [Name]) VALUES (98, N'The Black Keys')
INSERT INTO [dbo].[Artists] ([ArtistId], [Name]) VALUES (99, N'Al di Meola')
INSERT INTO [dbo].[Artists] ([ArtistId], [Name]) VALUES (100, N'Tiësto')
INSERT INTO [dbo].[Artists] ([ArtistId], [Name]) VALUES (101, N'Elis Regina')
INSERT INTO [dbo].[Artists] ([ArtistId], [Name]) VALUES (102, N'Jamiroquai')
INSERT INTO [dbo].[Artists] ([ArtistId], [Name]) VALUES (103, N'Papa Wemba')
INSERT INTO [dbo].[Artists] ([ArtistId], [Name]) VALUES (104, N'The King''s Singers')
INSERT INTO [dbo].[Artists] ([ArtistId], [Name]) VALUES (105, N'The Posies')
INSERT INTO [dbo].[Artists] ([ArtistId], [Name]) VALUES (106, N'Godsmack')
INSERT INTO [dbo].[Artists] ([ArtistId], [Name]) VALUES (107, N'Public Enemy')
INSERT INTO [dbo].[Artists] ([ArtistId], [Name]) VALUES (108, N'AC/DC')
INSERT INTO [dbo].[Artists] ([ArtistId], [Name]) VALUES (109, N'Blues Traveler')
INSERT INTO [dbo].[Artists] ([ArtistId], [Name]) VALUES (110, N'Amy Winehouse')
INSERT INTO [dbo].[Artists] ([ArtistId], [Name]) VALUES (111, N'Nine Inch Nails')
INSERT INTO [dbo].[Artists] ([ArtistId], [Name]) VALUES (112, N'Garbage')
INSERT INTO [dbo].[Artists] ([ArtistId], [Name]) VALUES (113, N'Modest Mouse')
INSERT INTO [dbo].[Artists] ([ArtistId], [Name]) VALUES (114, N'Barenaked Ladies')
INSERT INTO [dbo].[Artists] ([ArtistId], [Name]) VALUES (115, N'Adrian Leaper & Doreen de Feis')
INSERT INTO [dbo].[Artists] ([ArtistId], [Name]) VALUES (116, N'Queen')
INSERT INTO [dbo].[Artists] ([ArtistId], [Name]) VALUES (117, N'Duck Sauce')
INSERT INTO [dbo].[Artists] ([ArtistId], [Name]) VALUES (118, N'Lenny Kravitz')
INSERT INTO [dbo].[Artists] ([ArtistId], [Name]) VALUES (119, N'Kiss')
INSERT INTO [dbo].[Artists] ([ArtistId], [Name]) VALUES (120, N'Sufjan Stevens')
INSERT INTO [dbo].[Artists] ([ArtistId], [Name]) VALUES (121, N'Above & Beyond')
INSERT INTO [dbo].[Artists] ([ArtistId], [Name]) VALUES (122, N'Scholars Baroque Ensemble')
INSERT INTO [dbo].[Artists] ([ArtistId], [Name]) VALUES (123, N'Royal Philharmonic Orchestra')
INSERT INTO [dbo].[Artists] ([ArtistId], [Name]) VALUES (124, N'Spyro Gyra')
INSERT INTO [dbo].[Artists] ([ArtistId], [Name]) VALUES (125, N'The Eagles of Death Metal')
INSERT INTO [dbo].[Artists] ([ArtistId], [Name]) VALUES (126, N'Dio')
INSERT INTO [dbo].[Artists] ([ArtistId], [Name]) VALUES (127, N'The Rolling Stones')
INSERT INTO [dbo].[Artists] ([ArtistId], [Name]) VALUES (128, N'Projected')
INSERT INTO [dbo].[Artists] ([ArtistId], [Name]) VALUES (129, N'David Bowie')
INSERT INTO [dbo].[Artists] ([ArtistId], [Name]) VALUES (130, N'Def Leppard')
INSERT INTO [dbo].[Artists] ([ArtistId], [Name]) VALUES (131, N'Porcupine Tree')
INSERT INTO [dbo].[Artists] ([ArtistId], [Name]) VALUES (132, N'Paul Van Dyk')
INSERT INTO [dbo].[Artists] ([ArtistId], [Name]) VALUES (133, N'Radiohead')
INSERT INTO [dbo].[Artists] ([ArtistId], [Name]) VALUES (134, N'Stevie Ray Vaughan & Double Trouble')
INSERT INTO [dbo].[Artists] ([ArtistId], [Name]) VALUES (135, N'King Crimson')
INSERT INTO [dbo].[Artists] ([ArtistId], [Name]) VALUES (136, N'Foo Fighters')
INSERT INTO [dbo].[Artists] ([ArtistId], [Name]) VALUES (137, N'Rancid')
INSERT INTO [dbo].[Artists] ([ArtistId], [Name]) VALUES (138, N'Journey')
INSERT INTO [dbo].[Artists] ([ArtistId], [Name]) VALUES (139, N'David Coverdale')
INSERT INTO [dbo].[Artists] ([ArtistId], [Name]) VALUES (140, N'Pet Shop Boys')
INSERT INTO [dbo].[Artists] ([ArtistId], [Name]) VALUES (141, N'Amon Tobin')
INSERT INTO [dbo].[Artists] ([ArtistId], [Name]) VALUES (142, N'Alanis Morissette')
INSERT INTO [dbo].[Artists] ([ArtistId], [Name]) VALUES (143, N'Jorge Ben')
INSERT INTO [dbo].[Artists] ([ArtistId], [Name]) VALUES (144, N'Jota Quest')
INSERT INTO [dbo].[Artists] ([ArtistId], [Name]) VALUES (145, N'INXS')
INSERT INTO [dbo].[Artists] ([ArtistId], [Name]) VALUES (146, N'Miles Davis')
INSERT INTO [dbo].[Artists] ([ArtistId], [Name]) VALUES (147, N'Faith No More')
INSERT INTO [dbo].[Artists] ([ArtistId], [Name]) VALUES (148, N'Carly Rae Jepsen')
INSERT INTO [dbo].[Artists] ([ArtistId], [Name]) VALUES (149, N'Cayouche')
INSERT INTO [dbo].[Artists] ([ArtistId], [Name]) VALUES (150, N'Chic')
INSERT INTO [dbo].[Artists] ([ArtistId], [Name]) VALUES (151, N'Le Tigre')
INSERT INTO [dbo].[Artists] ([ArtistId], [Name]) VALUES (152, N'Tori Amos')
INSERT INTO [dbo].[Artists] ([ArtistId], [Name]) VALUES (153, N'The Black Crowes')
INSERT INTO [dbo].[Artists] ([ArtistId], [Name]) VALUES (154, N'The Cat Empire')
INSERT INTO [dbo].[Artists] ([ArtistId], [Name]) VALUES (155, N'Pearl Jam')
INSERT INTO [dbo].[Artists] ([ArtistId], [Name]) VALUES (156, N'Judas Priest')
INSERT INTO [dbo].[Artists] ([ArtistId], [Name]) VALUES (157, N'Donna Summer')
INSERT INTO [dbo].[Artists] ([ArtistId], [Name]) VALUES (158, N'Legião Urbana')
INSERT INTO [dbo].[Artists] ([ArtistId], [Name]) VALUES (159, N'Skank')
INSERT INTO [dbo].[Artists] ([ArtistId], [Name]) VALUES (160, N'Jagjit Singh')
INSERT INTO [dbo].[Artists] ([ArtistId], [Name]) VALUES (161, N'James Levine')
INSERT INTO [dbo].[Artists] ([ArtistId], [Name]) VALUES (162, N'Venus Hum')
INSERT INTO [dbo].[Artists] ([ArtistId], [Name]) VALUES (163, N'Live')
INSERT INTO [dbo].[Artists] ([ArtistId], [Name]) VALUES (164, N'Linkin Park')
INSERT INTO [dbo].[Artists] ([ArtistId], [Name]) VALUES (165, N'Gonzaguinha')
INSERT INTO [dbo].[Artists] ([ArtistId], [Name]) VALUES (166, N'System Of A Down')
INSERT INTO [dbo].[Artists] ([ArtistId], [Name]) VALUES (167, N'Massive Attack')
INSERT INTO [dbo].[Artists] ([ArtistId], [Name]) VALUES (168, N'Milton Nascimento')
INSERT INTO [dbo].[Artists] ([ArtistId], [Name]) VALUES (169, N'Chico Buarque')
INSERT INTO [dbo].[Artists] ([ArtistId], [Name]) VALUES (170, N'Marillion')
INSERT INTO [dbo].[Artists] ([ArtistId], [Name]) VALUES (171, N'Mötley Crüe')
INSERT INTO [dbo].[Artists] ([ArtistId], [Name]) VALUES (172, N'Rush')
INSERT INTO [dbo].[Artists] ([ArtistId], [Name]) VALUES (173, N'Nash Ensemble')
INSERT INTO [dbo].[Artists] ([ArtistId], [Name]) VALUES (174, N'Berliner Philharmoniker')
INSERT INTO [dbo].[Artists] ([ArtistId], [Name]) VALUES (175, N'Nick Cave and the Bad Seeds')
INSERT INTO [dbo].[Artists] ([ArtistId], [Name]) VALUES (176, N'The Prodigy')
INSERT INTO [dbo].[Artists] ([ArtistId], [Name]) VALUES (177, N'The Who')
INSERT INTO [dbo].[Artists] ([ArtistId], [Name]) VALUES (178, N'Skrillex')
INSERT INTO [dbo].[Artists] ([ArtistId], [Name]) VALUES (179, N'Cláudio Zoli')
INSERT INTO [dbo].[Artists] ([ArtistId], [Name]) VALUES (180, N'Nirvana')
INSERT INTO [dbo].[Artists] ([ArtistId], [Name]) VALUES (181, N'New York Dolls')
INSERT INTO [dbo].[Artists] ([ArtistId], [Name]) VALUES (182, N'Göteborgs Symfoniker & Neeme Järvi')
INSERT INTO [dbo].[Artists] ([ArtistId], [Name]) VALUES (183, N'Trans-Siberian Orchestra')
INSERT INTO [dbo].[Artists] ([ArtistId], [Name]) VALUES (184, N'Lokua Kanza')
INSERT INTO [dbo].[Artists] ([ArtistId], [Name]) VALUES (185, N'Alison Krauss')
INSERT INTO [dbo].[Artists] ([ArtistId], [Name]) VALUES (186, N'Prince')
INSERT INTO [dbo].[Artists] ([ArtistId], [Name]) VALUES (187, N'The Smashing Pumpkins')
INSERT INTO [dbo].[Artists] ([ArtistId], [Name]) VALUES (188, N'Weird Al')
INSERT INTO [dbo].[Artists] ([ArtistId], [Name]) VALUES (189, N'Olodum')
INSERT INTO [dbo].[Artists] ([ArtistId], [Name]) VALUES (190, N'David Guetta')
INSERT INTO [dbo].[Artists] ([ArtistId], [Name]) VALUES (191, N'Queensrÿche')
INSERT INTO [dbo].[Artists] ([ArtistId], [Name]) VALUES (192, N'Dennis Chambers')
INSERT INTO [dbo].[Artists] ([ArtistId], [Name]) VALUES (193, N'English Concert & Trevor Pinnock')
INSERT INTO [dbo].[Artists] ([ArtistId], [Name]) VALUES (194, N'Eric B. and Rakim')
INSERT INTO [dbo].[Artists] ([ArtistId], [Name]) VALUES (195, N'Vicente Fernandez')
INSERT INTO [dbo].[Artists] ([ArtistId], [Name]) VALUES (196, N'Four Tet')
INSERT INTO [dbo].[Artists] ([ArtistId], [Name]) VALUES (197, N'Megadeth')
INSERT INTO [dbo].[Artists] ([ArtistId], [Name]) VALUES (198, N'Apocalyptica')
INSERT INTO [dbo].[Artists] ([ArtistId], [Name]) VALUES (199, N'Caetano Veloso')
INSERT INTO [dbo].[Artists] ([ArtistId], [Name]) VALUES (200, N'The Jezabels')
INSERT INTO [dbo].[Artists] ([ArtistId], [Name]) VALUES (201, N'Mark Knopfler')
INSERT INTO [dbo].[Artists] ([ArtistId], [Name]) VALUES (202, N'Sergei Prokofiev & Yuri Temirkanov')
INSERT INTO [dbo].[Artists] ([ArtistId], [Name]) VALUES (203, N'PSY')
INSERT INTO [dbo].[Artists] ([ArtistId], [Name]) VALUES (204, N'London Classical Players')
INSERT INTO [dbo].[Artists] ([ArtistId], [Name]) VALUES (205, N'Gilberto Gil')
INSERT INTO [dbo].[Artists] ([ArtistId], [Name]) VALUES (206, N'Aisha Duo')
INSERT INTO [dbo].[Artists] ([ArtistId], [Name]) VALUES (207, N'Los Tigres del Norte')
INSERT INTO [dbo].[Artists] ([ArtistId], [Name]) VALUES (208, N'Run DMC')
INSERT INTO [dbo].[Artists] ([ArtistId], [Name]) VALUES (209, N'Tears For Fears')
INSERT INTO [dbo].[Artists] ([ArtistId], [Name]) VALUES (210, N'Raul Seixas')
INSERT INTO [dbo].[Artists] ([ArtistId], [Name]) VALUES (211, N'Eminem')
INSERT INTO [dbo].[Artists] ([ArtistId], [Name]) VALUES (212, N'Slayer')
INSERT INTO [dbo].[Artists] ([ArtistId], [Name]) VALUES (213, N'Yes')
INSERT INTO [dbo].[Artists] ([ArtistId], [Name]) VALUES (214, N'Eugene Ormandy')
INSERT INTO [dbo].[Artists] ([ArtistId], [Name]) VALUES (215, N'Anita Ward')
INSERT INTO [dbo].[Artists] ([ArtistId], [Name]) VALUES (216, N'Before the Dawn')
INSERT INTO [dbo].[Artists] ([ArtistId], [Name]) VALUES (217, N'Funk Como Le Gusta')
INSERT INTO [dbo].[Artists] ([ArtistId], [Name]) VALUES (218, N'John Mayer')
INSERT INTO [dbo].[Artists] ([ArtistId], [Name]) VALUES (219, N'Jimmy Smith')
INSERT INTO [dbo].[Artists] ([ArtistId], [Name]) VALUES (220, N'Santana')
INSERT INTO [dbo].[Artists] ([ArtistId], [Name]) VALUES (221, N'Bee Gees')
INSERT INTO [dbo].[Artists] ([ArtistId], [Name]) VALUES (222, N'Chicago Symphony Orchestra & Fritz Reiner')
INSERT INTO [dbo].[Artists] ([ArtistId], [Name]) VALUES (223, N'Christopher O''Riley')
INSERT INTO [dbo].[Artists] ([ArtistId], [Name]) VALUES (224, N'The Stone Roses')
INSERT INTO [dbo].[Artists] ([ArtistId], [Name]) VALUES (225, N'Tim Maia')
INSERT INTO [dbo].[Artists] ([ArtistId], [Name]) VALUES (226, N'The Rubberbandits')
INSERT INTO [dbo].[Artists] ([ArtistId], [Name]) VALUES (227, N'Filter')
INSERT INTO [dbo].[Artists] ([ArtistId], [Name]) VALUES (228, N'Dream Theater')
INSERT INTO [dbo].[Artists] ([ArtistId], [Name]) VALUES (229, N'T&N')
INSERT INTO [dbo].[Artists] ([ArtistId], [Name]) VALUES (230, N'Robert James')
INSERT INTO [dbo].[Artists] ([ArtistId], [Name]) VALUES (231, N'The Offspring')
INSERT INTO [dbo].[Artists] ([ArtistId], [Name]) VALUES (232, N'Dolly Parton')
INSERT INTO [dbo].[Artists] ([ArtistId], [Name]) VALUES (233, N'Jimmy Buffett')
INSERT INTO [dbo].[Artists] ([ArtistId], [Name]) VALUES (234, N'Adicts')
INSERT INTO [dbo].[Artists] ([ArtistId], [Name]) VALUES (235, N'The 12 Cellists of The Berlin Philharmonic')
INSERT INTO [dbo].[Artists] ([ArtistId], [Name]) VALUES (236, N'Nujabes')
INSERT INTO [dbo].[Artists] ([ArtistId], [Name]) VALUES (237, N'Talking Heads')
INSERT INTO [dbo].[Artists] ([ArtistId], [Name]) VALUES (238, N'Bad Religion')
INSERT INTO [dbo].[Artists] ([ArtistId], [Name]) VALUES (239, N'Joe Satriani')
INSERT INTO [dbo].[Artists] ([ArtistId], [Name]) VALUES (240, N'Wendy Carlos')
INSERT INTO [dbo].[Artists] ([ArtistId], [Name]) VALUES (241, N'Martin Roscoe')
INSERT INTO [dbo].[Artists] ([ArtistId], [Name]) VALUES (242, N'Ted Nugent')
INSERT INTO [dbo].[Artists] ([ArtistId], [Name]) VALUES (243, N'Rick Ross')
INSERT INTO [dbo].[Artists] ([ArtistId], [Name]) VALUES (244, N'Danielson Famile')
INSERT INTO [dbo].[Artists] ([ArtistId], [Name]) VALUES (245, N'Temple of the Dog')
INSERT INTO [dbo].[Artists] ([ArtistId], [Name]) VALUES (246, N'Stevie Ray Vaughan')
INSERT INTO [dbo].[Artists] ([ArtistId], [Name]) VALUES (247, N'Paul D''Ianno')
INSERT INTO [dbo].[Artists] ([ArtistId], [Name]) VALUES (248, N'Nicolaus Esterhazy Sinfonia')
INSERT INTO [dbo].[Artists] ([ArtistId], [Name]) VALUES (249, N'Billy Cobham')
INSERT INTO [dbo].[Artists] ([ArtistId], [Name]) VALUES (250, N'Ed Motta')
INSERT INTO [dbo].[Artists] ([ArtistId], [Name]) VALUES (251, N'Melanie Fiona')
INSERT INTO [dbo].[Artists] ([ArtistId], [Name]) VALUES (252, N'Tygers of Pan Tang')
INSERT INTO [dbo].[Artists] ([ArtistId], [Name]) VALUES (253, N'Chicago ')
INSERT INTO [dbo].[Artists] ([ArtistId], [Name]) VALUES (254, N'Dr. Dre')
INSERT INTO [dbo].[Artists] ([ArtistId], [Name]) VALUES (255, N'The Decemberists')
INSERT INTO [dbo].[Artists] ([ArtistId], [Name]) VALUES (256, N'Eric Clapton')
INSERT INTO [dbo].[Artists] ([ArtistId], [Name]) VALUES (257, N'The Cure')
INSERT INTO [dbo].[Artists] ([ArtistId], [Name]) VALUES (258, N'Epica')
INSERT INTO [dbo].[Artists] ([ArtistId], [Name]) VALUES (259, N'The Doors')
INSERT INTO [dbo].[Artists] ([ArtistId], [Name]) VALUES (260, N'Sting')
INSERT INTO [dbo].[Artists] ([ArtistId], [Name]) VALUES (261, N'The Head and the Heart')
INSERT INTO [dbo].[Artists] ([ArtistId], [Name]) VALUES (262, N'BBC Concert Orchestra')
INSERT INTO [dbo].[Artists] ([ArtistId], [Name]) VALUES (263, N'The Lumineers')
INSERT INTO [dbo].[Artists] ([ArtistId], [Name]) VALUES (264, N'The Police')
INSERT INTO [dbo].[Artists] ([ArtistId], [Name]) VALUES (265, N'Butch Walker & The Black Widows')
INSERT INTO [dbo].[Artists] ([ArtistId], [Name]) VALUES (266, N'Arcade Fire')
INSERT INTO [dbo].[Artists] ([ArtistId], [Name]) VALUES (267, N'Carreras, Pavarotti, Domingo')
INSERT INTO [dbo].[Artists] ([ArtistId], [Name]) VALUES (268, N'Them Crooked Vultures')
INSERT INTO [dbo].[Artists] ([ArtistId], [Name]) VALUES (269, N'LCD Soundsystem')
INSERT INTO [dbo].[Artists] ([ArtistId], [Name]) VALUES (270, N'The Go! Team')
INSERT INTO [dbo].[Artists] ([ArtistId], [Name]) VALUES (271, N'Michael Bolton')
INSERT INTO [dbo].[Artists] ([ArtistId], [Name]) VALUES (272, N'Mobile')
INSERT INTO [dbo].[Artists] ([ArtistId], [Name]) VALUES (273, N'Sheryl Crow')
INSERT INTO [dbo].[Artists] ([ArtistId], [Name]) VALUES (274, N'BLØF')
INSERT INTO [dbo].[Artists] ([ArtistId], [Name]) VALUES (275, N'Dread Zeppelin')
INSERT INTO [dbo].[Artists] ([ArtistId], [Name]) VALUES (276, N'Burial')
INSERT INTO [dbo].[Artists] ([ArtistId], [Name]) VALUES (277, N'Vinícius De Moraes')
INSERT INTO [dbo].[Artists] ([ArtistId], [Name]) VALUES (278, N'Sir Georg Solti & Wiener Philharmoniker')
INSERT INTO [dbo].[Artists] ([ArtistId], [Name]) VALUES (279, N'Page & Plant')
INSERT INTO [dbo].[Artists] ([ArtistId], [Name]) VALUES (280, N'Raunchy')
INSERT INTO [dbo].[Artists] ([ArtistId], [Name]) VALUES (281, N'Enya')
INSERT INTO [dbo].[Artists] ([ArtistId], [Name]) VALUES (282, N'65daysofstatic')
INSERT INTO [dbo].[Artists] ([ArtistId], [Name]) VALUES (283, N'Orchestre de l''Opéra de Lyon')
INSERT INTO [dbo].[Artists] ([ArtistId], [Name]) VALUES (284, N'Amon Amarth')
INSERT INTO [dbo].[Artists] ([ArtistId], [Name]) VALUES (285, N'Aaron Goldberg')
INSERT INTO [dbo].[Artists] ([ArtistId], [Name]) VALUES (286, N'Anthrax')
INSERT INTO [dbo].[Artists] ([ArtistId], [Name]) VALUES (287, N'Sara Tavares')
INSERT INTO [dbo].[Artists] ([ArtistId], [Name]) VALUES (288, N'Yano')
INSERT INTO [dbo].[Artists] ([ArtistId], [Name]) VALUES (289, N'The Carpenters')
INSERT INTO [dbo].[Artists] ([ArtistId], [Name]) VALUES (290, N'Alberto Turco & Nova Schola Gregoriana')
INSERT INTO [dbo].[Artists] ([ArtistId], [Name]) VALUES (291, N'Buddy Guy')
INSERT INTO [dbo].[Artists] ([ArtistId], [Name]) VALUES (292, N'Choir Of Westminster Abbey & Simon Preston')
INSERT INTO [dbo].[Artists] ([ArtistId], [Name]) VALUES (293, N'Fretwork')
INSERT INTO [dbo].[Artists] ([ArtistId], [Name]) VALUES (294, N'Gerald Moore')
INSERT INTO [dbo].[Artists] ([ArtistId], [Name]) VALUES (295, N'Gustav Mahler')
INSERT INTO [dbo].[Artists] ([ArtistId], [Name]) VALUES (296, N'Julian Bream')
INSERT INTO [dbo].[Artists] ([ArtistId], [Name]) VALUES (297, N'Les Arts Florissants & William Christie')
INSERT INTO [dbo].[Artists] ([ArtistId], [Name]) VALUES (298, N'Lulu Santos')
INSERT INTO [dbo].[Artists] ([ArtistId], [Name]) VALUES (299, N'Maurizio Pollini')
INSERT INTO [dbo].[Artists] ([ArtistId], [Name]) VALUES (300, N'Mela Tenenbaum, Pro Musica Prague & Richard Kapp')
INSERT INTO [dbo].[Artists] ([ArtistId], [Name]) VALUES (301, N'Scorpions')
INSERT INTO [dbo].[Artists] ([ArtistId], [Name]) VALUES (302, N'UB40')
SET IDENTITY_INSERT [dbo].[Artists] OFF
SET IDENTITY_INSERT [dbo].[Genres] ON
INSERT INTO [dbo].[Genres] ([GenreId], [Name], [Description]) VALUES (0, N'Pop', NULL)
INSERT INTO [dbo].[Genres] ([GenreId], [Name], [Description]) VALUES (1, N'Metal', NULL)
INSERT INTO [dbo].[Genres] ([GenreId], [Name], [Description]) VALUES (2, N'World', NULL)
INSERT INTO [dbo].[Genres] ([GenreId], [Name], [Description]) VALUES (3, N'Rock', NULL)
INSERT INTO [dbo].[Genres] ([GenreId], [Name], [Description]) VALUES (4, N'Electronic', NULL)
INSERT INTO [dbo].[Genres] ([GenreId], [Name], [Description]) VALUES (5, N'Indie', NULL)
INSERT INTO [dbo].[Genres] ([GenreId], [Name], [Description]) VALUES (6, N'Classical', NULL)
INSERT INTO [dbo].[Genres] ([GenreId], [Name], [Description]) VALUES (7, N'Latin', NULL)
INSERT INTO [dbo].[Genres] ([GenreId], [Name], [Description]) VALUES (8, N'Alternative', NULL)
INSERT INTO [dbo].[Genres] ([GenreId], [Name], [Description]) VALUES (9, N'Jazz', NULL)
INSERT INTO [dbo].[Genres] ([GenreId], [Name], [Description]) VALUES (10, N'Rap', NULL)
INSERT INTO [dbo].[Genres] ([GenreId], [Name], [Description]) VALUES (11, N'Country', NULL)
INSERT INTO [dbo].[Genres] ([GenreId], [Name], [Description]) VALUES (12, N'Blues', NULL)
INSERT INTO [dbo].[Genres] ([GenreId], [Name], [Description]) VALUES (13, N'R&B', NULL)
INSERT INTO [dbo].[Genres] ([GenreId], [Name], [Description]) VALUES (14, N'Punk', NULL)
SET IDENTITY_INSERT [dbo].[Genres] OFF
ALTER TABLE [dbo].[Carts]
    ADD CONSTRAINT [FK_dbo.Carts_dbo.Albums_AlbumId] FOREIGN KEY ([AlbumId]) REFERENCES [dbo].[Albums] ([AlbumId]) ON DELETE CASCADE
ALTER TABLE [dbo].[Albums]
    ADD CONSTRAINT [FK_dbo.Albums_dbo.Artists_ArtistId] FOREIGN KEY ([ArtistId]) REFERENCES [dbo].[Artists] ([ArtistId]) ON DELETE CASCADE
ALTER TABLE [dbo].[Albums]
    ADD CONSTRAINT [FK_dbo.Albums_dbo.Genres_GenreId] FOREIGN KEY ([GenreId]) REFERENCES [dbo].[Genres] ([GenreId]) ON DELETE CASCADE
ALTER TABLE [dbo].[OrderDetails]
    ADD CONSTRAINT [FK_dbo.OrderDetails_dbo.Albums_AlbumId] FOREIGN KEY ([AlbumId]) REFERENCES [dbo].[Albums] ([AlbumId]) ON DELETE CASCADE
ALTER TABLE [dbo].[OrderDetails]
    ADD CONSTRAINT [FK_dbo.OrderDetails_dbo.Orders_OrderId] FOREIGN KEY ([OrderId]) REFERENCES [dbo].[Orders] ([OrderId]) ON DELETE CASCADE
COMMIT TRANSACTION


GO
